ID,fullName,email,passwordHash,departementUnisa,biography
c935f5f8-f976-4554-9d80-1d0e759fe47a,Daniel Jones,daniel.jones@gmail.com,$2a$10$Gs.PmaGJQtm0ThQF3VkX2u/VVqW8rHz1KpSFRiLmnY74l7GmlCUSu,FISICA, 
493c80a9-e070-4b45-a17d-23c707e8d961,Molly Michael,molly.michael@gmail.com,$2a$10$Gs.PmaGJQtm0ThQF3VkX2u/VVqW8rHz1KpSFRiLmnY74l7GmlCUSu,AGRICOLA, 
7e028e9b-c852-4bc5-a80d-5d3dfe80e048,Heather Martinez,heather.martinez@gmail.com,$2a$10$Gs.PmaGJQtm0ThQF3VkX2u/VVqW8rHz1KpSFRiLmnY74l7GmlCUSu,INGEGNERIA_EDILE, 
ba6aec3e-7311-4253-b3f3-ad55b589469c,John Flynn,john.flynn@gmail.com,$2a$10$Gs.PmaGJQtm0ThQF3VkX2u/VVqW8rHz1KpSFRiLmnY74l7GmlCUSu,FARMACIA, 
abd93a98-3736-452d-afc0-1690675e9308,Rachel Johnson,rachel.johnson@gmail.com,$2a$10$Gs.PmaGJQtm0ThQF3VkX2u/VVqW8rHz1KpSFRiLmnY74l7GmlCUSu,FISICA, 
d650ce65-fc60-43d0-8795-7c36800e79f0,Rebecca Lee,rebecca.lee@gmail.com,$2a$10$Gs.PmaGJQtm0ThQF3VkX2u/VVqW8rHz1KpSFRiLmnY74l7GmlCUSu,ECONOMICHE_STATISTICHE, 
d06d2a7e-3860-4632-b5f7-ddb786408e6f,Sarah Turner,sarah.turner@gmail.com,$2a$10$Gs.PmaGJQtm0ThQF3VkX2u/VVqW8rHz1KpSFRiLmnY74l7GmlCUSu,MEDICINA_CHIRURGIA_ODONTOIATRIA, 
3016f2c9-9102-4c5f-be69-b4409150a765,James Dorsey,james.dorsey@gmail.com,$2a$10$Gs.PmaGJQtm0ThQF3VkX2u/VVqW8rHz1KpSFRiLmnY74l7GmlCUSu,GIURIDICHE, 
68060117-ee1d-490f-9833-d266f8ed6d33,Kaitlyn Barron,kaitlyn.barron@gmail.com,$2a$10$Gs.PmaGJQtm0ThQF3VkX2u/VVqW8rHz1KpSFRiLmnY74l7GmlCUSu,LINGUAGGIO_BENICULTURALI, 
91465ade-513c-4d63-869c-5363bd0fa5da,Kyle Chen,kyle.chen@gmail.com,$2a$10$Gs.PmaGJQtm0ThQF3VkX2u/VVqW8rHz1KpSFRiLmnY74l7GmlCUSu,CHIMICHE, 
a1aaf12c-8abf-4e93-8495-19b9408f7692,David Walker,david.walker@gmail.com,$2a$10$Gs.PmaGJQtm0ThQF3VkX2u/VVqW8rHz1KpSFRiLmnY74l7GmlCUSu,INGEGNERIA_EDILE, 
add8619a-4f69-4bbd-995e-f2c988f9254a,Jessica Robinson,jessica.robinson@gmail.com,$2a$10$Gs.PmaGJQtm0ThQF3VkX2u/VVqW8rHz1KpSFRiLmnY74l7GmlCUSu,AGRICOLA, 
8fb855ef-67bc-4909-8ec4-65a59ceab7f1,Desiree Hunt,desiree.hunt@gmail.com,$2a$10$Gs.PmaGJQtm0ThQF3VkX2u/VVqW8rHz1KpSFRiLmnY74l7GmlCUSu,ECONOMICHE_STATISTICHE, 
9418ffda-3e71-4df0-9222-a4efeb5b5a06,James Mckay,james.mckay@gmail.com,$2a$10$Gs.PmaGJQtm0ThQF3VkX2u/VVqW8rHz1KpSFRiLmnY74l7GmlCUSu,INGEGNERIA_EDILE, 
49e223c1-e43a-4730-83e9-bdfd8533d0d5,Ryan Franco,ryan.franco@gmail.com,$2a$10$Gs.PmaGJQtm0ThQF3VkX2u/VVqW8rHz1KpSFRiLmnY74l7GmlCUSu,INGEGNERIA_ELETTRICA, 
e571fc41-ffa5-4e12-acb1-ff3d25bc21a1,Yvonne Sparks,yvonne.sparks@gmail.com,$2a$10$Gs.PmaGJQtm0ThQF3VkX2u/VVqW8rHz1KpSFRiLmnY74l7GmlCUSu,INGEGNERIA_INDUSTRIALE, 
1519ebb7-d709-4018-9899-b59a56449870,Jose Stevens,jose.stevens@gmail.com,$2a$10$Gs.PmaGJQtm0ThQF3VkX2u/VVqW8rHz1KpSFRiLmnY74l7GmlCUSu,ECONOMICHE_STATISTICHE, 
ad5ca679-df9a-4446-9c7d-cc0c3088c292,Carol Wood,carol.wood@gmail.com,$2a$10$Gs.PmaGJQtm0ThQF3VkX2u/VVqW8rHz1KpSFRiLmnY74l7GmlCUSu,POLITICHE_SOCIALI, 
69345f53-c835-4510-acf7-83e9155b3105,Logan Smith,logan.smith@gmail.com,$2a$10$Gs.PmaGJQtm0ThQF3VkX2u/VVqW8rHz1KpSFRiLmnY74l7GmlCUSu,CHIMICHE, 
58876bed-8c84-4881-b176-5e3857f9263d,John Williams,john.williams@gmail.com,$2a$10$Gs.PmaGJQtm0ThQF3VkX2u/VVqW8rHz1KpSFRiLmnY74l7GmlCUSu,GIURIDICHE, 
12d168fb-342b-4fd3-ac9e-a725ef861228,Susan Herrera,susan.herrera@gmail.com,$2a$10$Gs.PmaGJQtm0ThQF3VkX2u/VVqW8rHz1KpSFRiLmnY74l7GmlCUSu,INGEGNERIA_INDUSTRIALE, 
61f88f0c-fcc1-4be0-864a-cf6a078a42b5,Kelly Mercado,kelly.mercado@gmail.com,$2a$10$Gs.PmaGJQtm0ThQF3VkX2u/VVqW8rHz1KpSFRiLmnY74l7GmlCUSu,INGEGNERIA_INDUSTRIALE, 
9f829581-48e6-44fb-86e0-bb328e05b162,Sheryl Cantu,sheryl.cantu@gmail.com,$2a$10$Gs.PmaGJQtm0ThQF3VkX2u/VVqW8rHz1KpSFRiLmnY74l7GmlCUSu,MOTORIE_UMANE_SOCIALI, 
fd73656c-3e09-4f5e-98dd-84d5d7ed19b8,Denise Guzman,denise.guzman@gmail.com,$2a$10$Gs.PmaGJQtm0ThQF3VkX2u/VVqW8rHz1KpSFRiLmnY74l7GmlCUSu,BIOMEDICHE, 
3bf0f5b0-4ac1-4c6f-bfb3-81ddd97d3bf5,Brad Brooks,brad.brooks@gmail.com,$2a$10$Gs.PmaGJQtm0ThQF3VkX2u/VVqW8rHz1KpSFRiLmnY74l7GmlCUSu,INGEGNERIA_EDILE, 
507aefd4-afd5-49cd-b443-ab9d969bf26c,Bruce Jennings,bruce.jennings@gmail.com,$2a$10$Gs.PmaGJQtm0ThQF3VkX2u/VVqW8rHz1KpSFRiLmnY74l7GmlCUSu,FARMACIA, 
be6d0e30-a2e7-4c19-8ff8-73253c961a5d,Johnathan Bullock,johnathan.bullock@gmail.com,$2a$10$Gs.PmaGJQtm0ThQF3VkX2u/VVqW8rHz1KpSFRiLmnY74l7GmlCUSu,FORMAZIONE_BENICULTURALI, 
b0300a8d-977f-48a9-99d5-cf5d2bfa2eeb,Samuel Jacobs,samuel.jacobs@gmail.com,$2a$10$Gs.PmaGJQtm0ThQF3VkX2u/VVqW8rHz1KpSFRiLmnY74l7GmlCUSu,ARCHITETTURA, 
eb1df52f-b191-4b9f-9a8d-fe7b20d16555,Sharon Ward,sharon.ward@gmail.com,$2a$10$Gs.PmaGJQtm0ThQF3VkX2u/VVqW8rHz1KpSFRiLmnY74l7GmlCUSu,MATEMATICA_FISICA, 
2e7561c8-5f3b-4628-af01-d46efb909731,Angela Warren,angela.warren@gmail.com,$2a$10$Gs.PmaGJQtm0ThQF3VkX2u/VVqW8rHz1KpSFRiLmnY74l7GmlCUSu,MATEMATICA_FISICA, 
2f3e6dcb-0128-48fd-aece-0c6de8dffcea,Kellie Lindsey,kellie.lindsey@gmail.com,$2a$10$Gs.PmaGJQtm0ThQF3VkX2u/VVqW8rHz1KpSFRiLmnY74l7GmlCUSu,MOTORIE_UMANE_SOCIALI, 
113af3aa-b006-4c3d-b66a-faa2c7a69c04,Joseph Jones,joseph.jones@gmail.com,$2a$10$Gs.PmaGJQtm0ThQF3VkX2u/VVqW8rHz1KpSFRiLmnY74l7GmlCUSu,POLITICHE_SOCIALI, 
f6372a7c-7c67-4b8b-8aaa-75d588d3efbe,Shelby Valenzuela,shelby.valenzuela@gmail.com,$2a$10$Gs.PmaGJQtm0ThQF3VkX2u/VVqW8rHz1KpSFRiLmnY74l7GmlCUSu,CHIMICHE, 
ae7e8a12-aa68-4b93-9a55-e767e57d1afa,Alicia Lopez,alicia.lopez@gmail.com,$2a$10$Gs.PmaGJQtm0ThQF3VkX2u/VVqW8rHz1KpSFRiLmnY74l7GmlCUSu,AGRICOLA, 
37deea25-0e80-4f55-a5b6-4307fd64bac6,Stephen Cannon,stephen.cannon@gmail.com,$2a$10$Gs.PmaGJQtm0ThQF3VkX2u/VVqW8rHz1KpSFRiLmnY74l7GmlCUSu,LINGUAGGIO_BENICULTURALI, 
b4126ec7-64b0-453e-88ba-4b4fca7f8f4c,Phillip Kelley,phillip.kelley@gmail.com,$2a$10$Gs.PmaGJQtm0ThQF3VkX2u/VVqW8rHz1KpSFRiLmnY74l7GmlCUSu,INGEGNERIA_ELETTRICA, 
f97d3e6e-570c-4b26-b2d0-d2c0e7c7b2cd,Bryan Murray,bryan.murray@gmail.com,$2a$10$Gs.PmaGJQtm0ThQF3VkX2u/VVqW8rHz1KpSFRiLmnY74l7GmlCUSu,INFORMATICA, 
9e2e744c-689e-4ac7-84c5-3752c756890d,Jonathan Harris PhD,jonathan.phd@gmail.com,$2a$10$Gs.PmaGJQtm0ThQF3VkX2u/VVqW8rHz1KpSFRiLmnY74l7GmlCUSu,MEDICINA_CHIRURGIA_ODONTOIATRIA, 
c2bcd8be-feb0-4e9b-b559-4aa748b633fd,Linda Burch,linda.burch@gmail.com,$2a$10$Gs.PmaGJQtm0ThQF3VkX2u/VVqW8rHz1KpSFRiLmnY74l7GmlCUSu,ARCHITETTURA, 
160731b8-8ae9-46fd-8422-71d95a3ab0f9,James Jackson,james.jackson@gmail.com,$2a$10$Gs.PmaGJQtm0ThQF3VkX2u/VVqW8rHz1KpSFRiLmnY74l7GmlCUSu,FARMACIA, 
6f73ac55-89de-42b2-b645-cb4481d2db63,Sarah Bryant,sarah.bryant@gmail.com,$2a$10$Gs.PmaGJQtm0ThQF3VkX2u/VVqW8rHz1KpSFRiLmnY74l7GmlCUSu,FORMAZIONE_BENICULTURALI, 
8ad796b1-4e32-42db-86c2-1ff3af113279,Debbie Myers,debbie.myers@gmail.com,$2a$10$Gs.PmaGJQtm0ThQF3VkX2u/VVqW8rHz1KpSFRiLmnY74l7GmlCUSu,MOTORIE_UMANE_SOCIALI, 
7e39edce-59de-4a03-b8f0-b95c6c5cabe5,Ashley Walls,ashley.walls@gmail.com,$2a$10$Gs.PmaGJQtm0ThQF3VkX2u/VVqW8rHz1KpSFRiLmnY74l7GmlCUSu,POLITICHE_SOCIALI, 
dda1966d-ff83-4c2e-8465-6e00c9a7e9f5,Tina Gill,tina.gill@gmail.com,$2a$10$Gs.PmaGJQtm0ThQF3VkX2u/VVqW8rHz1KpSFRiLmnY74l7GmlCUSu,LINGUAGGIO_BENICULTURALI, 
538af8bd-8b05-471d-bbc5-239a315da2d7,Darryl Stone,darryl.stone@gmail.com,$2a$10$Gs.PmaGJQtm0ThQF3VkX2u/VVqW8rHz1KpSFRiLmnY74l7GmlCUSu,GIURIDICHE, 
d856dd06-5d4d-4a91-b690-741215bb6717,Alisha White,alisha.white@gmail.com,$2a$10$Gs.PmaGJQtm0ThQF3VkX2u/VVqW8rHz1KpSFRiLmnY74l7GmlCUSu,SCUOLA_MEDICINA, 
93e20b68-5767-495a-9992-ec46efe3f0dc,Ann Franco,ann.franco@gmail.com,$2a$10$Gs.PmaGJQtm0ThQF3VkX2u/VVqW8rHz1KpSFRiLmnY74l7GmlCUSu,INGEGNERIA_ELETTRICA, 
fb92834c-3532-4989-9a8a-95d24613197a,Amanda Hickman,amanda.hickman@gmail.com,$2a$10$Gs.PmaGJQtm0ThQF3VkX2u/VVqW8rHz1KpSFRiLmnY74l7GmlCUSu,ARCHITETTURA, 
b43b447e-1fda-4578-9427-a74087c9f4fd,Steven Benjamin,steven.benjamin@gmail.com,$2a$10$Gs.PmaGJQtm0ThQF3VkX2u/VVqW8rHz1KpSFRiLmnY74l7GmlCUSu,POLITICHE_SOCIALI, 
a81bda0c-9dfd-46c6-bd74-1262e0b45028,Gina Valencia,gina.valencia@gmail.com,$2a$10$Gs.PmaGJQtm0ThQF3VkX2u/VVqW8rHz1KpSFRiLmnY74l7GmlCUSu,SCUOLA_MEDICINA, 
e39c099b-19b9-4b97-b63e-6065004bba10,Willie Reyes,willie.reyes@gmail.com,$2a$10$Gs.PmaGJQtm0ThQF3VkX2u/VVqW8rHz1KpSFRiLmnY74l7GmlCUSu,BIOMEDICHE, 
7cfb83ed-ab31-4301-b8b5-0619c0b6d722,Jennifer Wyatt,jennifer.wyatt@gmail.com,$2a$10$Gs.PmaGJQtm0ThQF3VkX2u/VVqW8rHz1KpSFRiLmnY74l7GmlCUSu,FARMACIA, 
794da7b4-eca3-4599-8aa7-d34fb9d62343,Daniel Powell,daniel.powell@gmail.com,$2a$10$Gs.PmaGJQtm0ThQF3VkX2u/VVqW8rHz1KpSFRiLmnY74l7GmlCUSu,MATEMATICA_FISICA, 
2329b869-506b-4e12-b37f-22a02c9f4a29,Katrina Manning,katrina.manning@gmail.com,$2a$10$Gs.PmaGJQtm0ThQF3VkX2u/VVqW8rHz1KpSFRiLmnY74l7GmlCUSu,FORMAZIONE_BENICULTURALI, 
893fb8d3-6a12-4cc1-b2b1-7bb024d3fa87,Sharon Jones,sharon.jones@gmail.com,$2a$10$Gs.PmaGJQtm0ThQF3VkX2u/VVqW8rHz1KpSFRiLmnY74l7GmlCUSu,FARMACIA, 
658d1628-36cd-456b-81a9-33805d2022d8,Leonard Russo,leonard.russo@gmail.com,$2a$10$Gs.PmaGJQtm0ThQF3VkX2u/VVqW8rHz1KpSFRiLmnY74l7GmlCUSu,MEDICINA_CHIRURGIA_ODONTOIATRIA, 
be543cc2-8b5e-40a4-b7e2-3559e02b0f50,Brenda Zamora,brenda.zamora@gmail.com,$2a$10$Gs.PmaGJQtm0ThQF3VkX2u/VVqW8rHz1KpSFRiLmnY74l7GmlCUSu,LINGUAGGIO_BENICULTURALI, 
0fb12c33-8e87-45b8-9366-bd0df9895046,Bryan Garcia,bryan.garcia@gmail.com,$2a$10$Gs.PmaGJQtm0ThQF3VkX2u/VVqW8rHz1KpSFRiLmnY74l7GmlCUSu,LINGUAGGIO_BENICULTURALI, 
f34bca4d-d47b-4458-8dcb-6f369c26bb38,Felicia Evans,felicia.evans@gmail.com,$2a$10$Gs.PmaGJQtm0ThQF3VkX2u/VVqW8rHz1KpSFRiLmnY74l7GmlCUSu,INGEGNERIA_INDUSTRIALE, 
1dd6e6dd-b7dd-4b8f-afac-12499dfbf23d,Samuel Wilson,samuel.wilson@gmail.com,$2a$10$Gs.PmaGJQtm0ThQF3VkX2u/VVqW8rHz1KpSFRiLmnY74l7GmlCUSu,GIURIDICHE, 
932f02b4-430d-4fc5-adb2-d7fad91b7b93,Donald Garrison,donald.garrison@gmail.com,$2a$10$Gs.PmaGJQtm0ThQF3VkX2u/VVqW8rHz1KpSFRiLmnY74l7GmlCUSu,FORMAZIONE_BENICULTURALI, 
f56b7197-7e40-4f42-867e-d6ae2bf995dc,Amy Brown,amy.brown@gmail.com,$2a$10$Gs.PmaGJQtm0ThQF3VkX2u/VVqW8rHz1KpSFRiLmnY74l7GmlCUSu,FORMAZIONE_BENICULTURALI, 
5c4be163-de57-416b-8c82-c82581a1dc4e,Matthew Stewart,matthew.stewart@gmail.com,$2a$10$Gs.PmaGJQtm0ThQF3VkX2u/VVqW8rHz1KpSFRiLmnY74l7GmlCUSu,ECONOMICHE_STATISTICHE, 
faca127c-f86c-4867-9408-5e50d8bd72f3,Kelly Evans,kelly.evans@gmail.com,$2a$10$Gs.PmaGJQtm0ThQF3VkX2u/VVqW8rHz1KpSFRiLmnY74l7GmlCUSu,FORMAZIONE_BENICULTURALI, 
8132a486-6aef-4562-b386-2bedef695451,Mary Duncan,mary.duncan@gmail.com,$2a$10$Gs.PmaGJQtm0ThQF3VkX2u/VVqW8rHz1KpSFRiLmnY74l7GmlCUSu,MATEMATICA_FISICA, 
7db2b1bd-39f9-4f7b-8b92-3532bf05284a,Paul Evans,paul.evans@gmail.com,$2a$10$Gs.PmaGJQtm0ThQF3VkX2u/VVqW8rHz1KpSFRiLmnY74l7GmlCUSu,ECONOMICHE_STATISTICHE, 
9178eb15-fd83-41e0-a237-7746be948fa2,Krystal Ramirez,krystal.ramirez@gmail.com,$2a$10$Gs.PmaGJQtm0ThQF3VkX2u/VVqW8rHz1KpSFRiLmnY74l7GmlCUSu,FISICA, 
89667547-ba19-44ca-ba8a-e424e1a761fd,James Rios,james.rios@gmail.com,$2a$10$Gs.PmaGJQtm0ThQF3VkX2u/VVqW8rHz1KpSFRiLmnY74l7GmlCUSu,POLITICHE_SOCIALI, 
167cba79-003b-4b7d-b256-786a1169c188,Calvin Osborne,calvin.osborne@gmail.com,$2a$10$Gs.PmaGJQtm0ThQF3VkX2u/VVqW8rHz1KpSFRiLmnY74l7GmlCUSu,POLITICHE_SOCIALI, 
f76b7bfd-8db0-488d-8d2f-b59a80d95421,Michelle Smith,michelle.smith@gmail.com,$2a$10$Gs.PmaGJQtm0ThQF3VkX2u/VVqW8rHz1KpSFRiLmnY74l7GmlCUSu,MEDICINA_CHIRURGIA_ODONTOIATRIA, 
bfd280c7-c8f3-4dfa-aa88-dad1bbead750,Natalie Evans,natalie.evans@gmail.com,$2a$10$Gs.PmaGJQtm0ThQF3VkX2u/VVqW8rHz1KpSFRiLmnY74l7GmlCUSu,AGRICOLA, 
f849b5d5-25e3-4c6e-a438-9008cef86abe,Anna Moore,anna.moore@gmail.com,$2a$10$Gs.PmaGJQtm0ThQF3VkX2u/VVqW8rHz1KpSFRiLmnY74l7GmlCUSu,BIOMEDICHE, 
d7ea4457-2747-4d01-81b6-6827958f64ec,Hannah Ortiz,hannah.ortiz@gmail.com,$2a$10$Gs.PmaGJQtm0ThQF3VkX2u/VVqW8rHz1KpSFRiLmnY74l7GmlCUSu,INGEGNERIA_ELETTRICA, 
2a65579d-c94c-4caa-8c36-bae81d25f77f,Sarah Howard,sarah.howard@gmail.com,$2a$10$Gs.PmaGJQtm0ThQF3VkX2u/VVqW8rHz1KpSFRiLmnY74l7GmlCUSu,FARMACIA, 
24d4b822-50f5-46d1-889f-d3d2cb6d3956,Shawn Erickson,shawn.erickson@gmail.com,$2a$10$Gs.PmaGJQtm0ThQF3VkX2u/VVqW8rHz1KpSFRiLmnY74l7GmlCUSu,ARCHITETTURA, 
ccca9fda-536e-446b-ab9e-2c6084ab85ff,Brandy Ellis,brandy.ellis@gmail.com,$2a$10$Gs.PmaGJQtm0ThQF3VkX2u/VVqW8rHz1KpSFRiLmnY74l7GmlCUSu,SCUOLA_MEDICINA, 
1afb9ae2-17f1-4e32-abf1-2085bf92820f,James Davis,james.davis@gmail.com,$2a$10$Gs.PmaGJQtm0ThQF3VkX2u/VVqW8rHz1KpSFRiLmnY74l7GmlCUSu,ARCHITETTURA, 
c1258b23-b0c4-4bc2-9391-af64edaa9f98,Mrs. Dawn Hogan,mrs..hogan@gmail.com,$2a$10$Gs.PmaGJQtm0ThQF3VkX2u/VVqW8rHz1KpSFRiLmnY74l7GmlCUSu,INGEGNERIA_EDILE, 
909ad083-9e4d-4691-9caf-071ee41066d7,Kristin Harris,kristin.harris@gmail.com,$2a$10$Gs.PmaGJQtm0ThQF3VkX2u/VVqW8rHz1KpSFRiLmnY74l7GmlCUSu,AGRICOLA, 
6701310d-ab12-42c9-8f0e-fd94be71bd0b,Robin Schmidt,robin.schmidt@gmail.com,$2a$10$Gs.PmaGJQtm0ThQF3VkX2u/VVqW8rHz1KpSFRiLmnY74l7GmlCUSu,ARCHITETTURA, 
f6b440bf-d116-4d6f-b4ef-955ee0c0b2c5,Kathleen Andrews,kathleen.andrews@gmail.com,$2a$10$Gs.PmaGJQtm0ThQF3VkX2u/VVqW8rHz1KpSFRiLmnY74l7GmlCUSu,MOTORIE_UMANE_SOCIALI, 
1d6da9f1-1ec9-493e-9a73-ea9e224ca0d2,Philip Wilson,philip.wilson@gmail.com,$2a$10$Gs.PmaGJQtm0ThQF3VkX2u/VVqW8rHz1KpSFRiLmnY74l7GmlCUSu,INGEGNERIA_ELETTRICA, 
1896d935-1f72-40e5-80e8-b07151240bef,Mark Hale IV,mark.iv@gmail.com,$2a$10$Gs.PmaGJQtm0ThQF3VkX2u/VVqW8rHz1KpSFRiLmnY74l7GmlCUSu,MEDICINA_CHIRURGIA_ODONTOIATRIA, 
09cf149c-4106-4dab-870a-a98fed4182eb,April Duffy,april.duffy@gmail.com,$2a$10$Gs.PmaGJQtm0ThQF3VkX2u/VVqW8rHz1KpSFRiLmnY74l7GmlCUSu,SCUOLA_MEDICINA, 
403ef8eb-acd9-412f-bf9b-87d0eeaa047f,Eric Hill,eric.hill@gmail.com,$2a$10$Gs.PmaGJQtm0ThQF3VkX2u/VVqW8rHz1KpSFRiLmnY74l7GmlCUSu,FORMAZIONE_BENICULTURALI, 
89575ee1-2192-465d-bbc7-1b6957149d48,Dan Taylor,dan.taylor@gmail.com,$2a$10$Gs.PmaGJQtm0ThQF3VkX2u/VVqW8rHz1KpSFRiLmnY74l7GmlCUSu,AGRICOLA, 
be94a274-5b2c-436e-9947-02ca82f1985c,Savannah Williams,savannah.williams@gmail.com,$2a$10$Gs.PmaGJQtm0ThQF3VkX2u/VVqW8rHz1KpSFRiLmnY74l7GmlCUSu,INGEGNERIA_ELETTRICA, 
7a0e0f02-9407-404d-a542-dca258a04c1d,Patricia Madden,patricia.madden@gmail.com,$2a$10$Gs.PmaGJQtm0ThQF3VkX2u/VVqW8rHz1KpSFRiLmnY74l7GmlCUSu,MATEMATICA_FISICA, 
1a86d595-d3f0-402d-bced-e51e04e3f11c,Katherine Sullivan,katherine.sullivan@gmail.com,$2a$10$Gs.PmaGJQtm0ThQF3VkX2u/VVqW8rHz1KpSFRiLmnY74l7GmlCUSu,INGEGNERIA_INDUSTRIALE, 
14a7d521-7549-48c4-9ba4-dd45f05d730d,Joseph Steele,joseph.steele@gmail.com,$2a$10$Gs.PmaGJQtm0ThQF3VkX2u/VVqW8rHz1KpSFRiLmnY74l7GmlCUSu,FISICA, 
bc458ca7-ab80-4338-8349-5c648c73b048,Amber Wood,amber.wood@gmail.com,$2a$10$Gs.PmaGJQtm0ThQF3VkX2u/VVqW8rHz1KpSFRiLmnY74l7GmlCUSu,ARCHITETTURA, 
81fb8634-08da-4bf2-a320-012d43fc91ce,Chad David,chad.david@gmail.com,$2a$10$Gs.PmaGJQtm0ThQF3VkX2u/VVqW8rHz1KpSFRiLmnY74l7GmlCUSu,SCUOLA_MEDICINA, 
247ba31a-d6c8-4601-8cae-a5c4ac8047d7,Sean Olson,sean.olson@gmail.com,$2a$10$Gs.PmaGJQtm0ThQF3VkX2u/VVqW8rHz1KpSFRiLmnY74l7GmlCUSu,FARMACIA, 
74f2ef31-d696-48ad-8bd1-dc58d99a7516,Kendra Newman,kendra.newman@gmail.com,$2a$10$Gs.PmaGJQtm0ThQF3VkX2u/VVqW8rHz1KpSFRiLmnY74l7GmlCUSu,FARMACIA, 
9f8b48e0-942c-457c-b3fa-edafdc4367b8,Becky Arellano,becky.arellano@gmail.com,$2a$10$Gs.PmaGJQtm0ThQF3VkX2u/VVqW8rHz1KpSFRiLmnY74l7GmlCUSu,CHIMICHE, 
1fd9a337-e00f-4dc9-8c56-2e7fb4f26ed5,Briana Pierce,briana.pierce@gmail.com,$2a$10$Gs.PmaGJQtm0ThQF3VkX2u/VVqW8rHz1KpSFRiLmnY74l7GmlCUSu,INFORMATICA, 
26063ceb-b752-497f-a24d-fdad3c60cdfb,Catherine Gray,catherine.gray@gmail.com,$2a$10$Gs.PmaGJQtm0ThQF3VkX2u/VVqW8rHz1KpSFRiLmnY74l7GmlCUSu,SCUOLA_MEDICINA, 
1e81319f-7a97-4682-b395-72afb22c153d,Daniel Gutierrez,daniel.gutierrez@gmail.com,$2a$10$Gs.PmaGJQtm0ThQF3VkX2u/VVqW8rHz1KpSFRiLmnY74l7GmlCUSu,GIURIDICHE, 
0ce1fc1c-ab9c-4349-bf64-ef3c0c6389bb,Michael Lewis,michael.lewis@gmail.com,$2a$10$Gs.PmaGJQtm0ThQF3VkX2u/VVqW8rHz1KpSFRiLmnY74l7GmlCUSu,LINGUAGGIO_BENICULTURALI, 
1938bf67-b4e4-4377-938c-92df86869c96,Tyler Brown,tyler.brown@gmail.com,$2a$10$Gs.PmaGJQtm0ThQF3VkX2u/VVqW8rHz1KpSFRiLmnY74l7GmlCUSu,AGRICOLA, 
0c3237a7-1447-4f11-bb3a-8178d8b8fdf4,Tristan Cooper,tristan.cooper@gmail.com,$2a$10$Gs.PmaGJQtm0ThQF3VkX2u/VVqW8rHz1KpSFRiLmnY74l7GmlCUSu,MATEMATICA_FISICA, 
83701cc6-c982-42fd-bd3d-8a3ed233554f,Ralph Farmer,ralph.farmer@gmail.com,$2a$10$Gs.PmaGJQtm0ThQF3VkX2u/VVqW8rHz1KpSFRiLmnY74l7GmlCUSu,GIURIDICHE, 
b44169a7-c8fe-4b7d-99ac-d3aa4b1e79e5,Heather Mclean,heather.mclean@gmail.com,$2a$10$Gs.PmaGJQtm0ThQF3VkX2u/VVqW8rHz1KpSFRiLmnY74l7GmlCUSu,MEDICINA_CHIRURGIA_ODONTOIATRIA, 
53a7fbf5-b80d-445d-b4ef-d311ca89cac8,Brian Moore,brian.moore@gmail.com,$2a$10$Gs.PmaGJQtm0ThQF3VkX2u/VVqW8rHz1KpSFRiLmnY74l7GmlCUSu,MEDICINA_CHIRURGIA_ODONTOIATRIA, 
98193dc6-34c1-448e-8c90-062c71d395e7,Sandra Duncan,sandra.duncan@gmail.com,$2a$10$Gs.PmaGJQtm0ThQF3VkX2u/VVqW8rHz1KpSFRiLmnY74l7GmlCUSu,BIOMEDICHE, 
3ba891f7-f176-4420-8cf9-f2bafe242a89,Sarah Larson,sarah.larson@gmail.com,$2a$10$Gs.PmaGJQtm0ThQF3VkX2u/VVqW8rHz1KpSFRiLmnY74l7GmlCUSu,FORMAZIONE_BENICULTURALI, 
daedfb45-c111-46e5-93d3-ea04de2c2f60,James Stewart,james.stewart@gmail.com,$2a$10$Gs.PmaGJQtm0ThQF3VkX2u/VVqW8rHz1KpSFRiLmnY74l7GmlCUSu,INGEGNERIA_ELETTRICA, 
d4c4639b-5499-4a5b-b6dc-d739a6836351,Brittany Tucker,brittany.tucker@gmail.com,$2a$10$Gs.PmaGJQtm0ThQF3VkX2u/VVqW8rHz1KpSFRiLmnY74l7GmlCUSu,MOTORIE_UMANE_SOCIALI, 
d01fd336-c127-4d3c-9c40-fd61208d832c,Cathy Edwards,cathy.edwards@gmail.com,$2a$10$Gs.PmaGJQtm0ThQF3VkX2u/VVqW8rHz1KpSFRiLmnY74l7GmlCUSu,AGRICOLA, 
87352f8a-1677-4fe6-bedb-a82cf0352abd,Theodore Wallace MD,theodore.md@gmail.com,$2a$10$Gs.PmaGJQtm0ThQF3VkX2u/VVqW8rHz1KpSFRiLmnY74l7GmlCUSu,MEDICINA_CHIRURGIA_ODONTOIATRIA, 
8fef2c62-087a-4faf-94c8-c88622a59549,Alexander Wood,alexander.wood@gmail.com,$2a$10$Gs.PmaGJQtm0ThQF3VkX2u/VVqW8rHz1KpSFRiLmnY74l7GmlCUSu,BIOMEDICHE, 
9e17adae-473d-4b6b-8399-bb7717627441,Robert Lowe,robert.lowe@gmail.com,$2a$10$Gs.PmaGJQtm0ThQF3VkX2u/VVqW8rHz1KpSFRiLmnY74l7GmlCUSu,AGRICOLA, 
f7152d61-da84-4b9a-9f96-12d0ca2e2482,Donald Collier,donald.collier@gmail.com,$2a$10$Gs.PmaGJQtm0ThQF3VkX2u/VVqW8rHz1KpSFRiLmnY74l7GmlCUSu,MATEMATICA_FISICA, 
56e4a726-1909-4962-98b4-a79c147d1d56,Dr. Molly Green,dr..green@gmail.com,$2a$10$Gs.PmaGJQtm0ThQF3VkX2u/VVqW8rHz1KpSFRiLmnY74l7GmlCUSu,SCUOLA_MEDICINA, 
34fd8547-ec2c-4428-a016-789ceb7a59ea,Eric Fletcher,eric.fletcher@gmail.com,$2a$10$Gs.PmaGJQtm0ThQF3VkX2u/VVqW8rHz1KpSFRiLmnY74l7GmlCUSu,INFORMATICA, 
e36c8f18-7847-4bdb-aab2-c9ad84f5477a,Rita Garrett,rita.garrett@gmail.com,$2a$10$Gs.PmaGJQtm0ThQF3VkX2u/VVqW8rHz1KpSFRiLmnY74l7GmlCUSu,INGEGNERIA_EDILE, 
d6b88ba6-b9e9-48e0-8871-7c7aa247889e,Austin Conley,austin.conley@gmail.com,$2a$10$Gs.PmaGJQtm0ThQF3VkX2u/VVqW8rHz1KpSFRiLmnY74l7GmlCUSu,MOTORIE_UMANE_SOCIALI, 
d8b0a573-d40f-4b63-9ba9-3a0dc04b9adc,Jessica Lopez,jessica.lopez@gmail.com,$2a$10$Gs.PmaGJQtm0ThQF3VkX2u/VVqW8rHz1KpSFRiLmnY74l7GmlCUSu,BIOMEDICHE, 
4577cdc0-9b09-4b21-a934-11f6a3880646,Jeffrey Martinez,jeffrey.martinez@gmail.com,$2a$10$Gs.PmaGJQtm0ThQF3VkX2u/VVqW8rHz1KpSFRiLmnY74l7GmlCUSu,BIOMEDICHE, 
26aca932-a5a9-47b0-bd96-958103ec7610,Nancy Wilson,nancy.wilson@gmail.com,$2a$10$Gs.PmaGJQtm0ThQF3VkX2u/VVqW8rHz1KpSFRiLmnY74l7GmlCUSu,MOTORIE_UMANE_SOCIALI, 
3d38e346-7667-4de5-9cce-bb731050fa16,Keith Sanchez,keith.sanchez@gmail.com,$2a$10$Gs.PmaGJQtm0ThQF3VkX2u/VVqW8rHz1KpSFRiLmnY74l7GmlCUSu,CHIMICHE, 
f576226a-4d62-4973-82a0-84c298ca4a63,Lindsey Smith,lindsey.smith@gmail.com,$2a$10$Gs.PmaGJQtm0ThQF3VkX2u/VVqW8rHz1KpSFRiLmnY74l7GmlCUSu,MATEMATICA_FISICA, 
50cdf85b-99d1-440b-b819-7694b4b5062c,Ashley Mann,ashley.mann@gmail.com,$2a$10$Gs.PmaGJQtm0ThQF3VkX2u/VVqW8rHz1KpSFRiLmnY74l7GmlCUSu,GIURIDICHE, 
bce6879c-ca39-4e1b-828b-df877240c57a,John Rogers,john.rogers@gmail.com,$2a$10$Gs.PmaGJQtm0ThQF3VkX2u/VVqW8rHz1KpSFRiLmnY74l7GmlCUSu,ECONOMICHE_STATISTICHE, 
27344b02-9c39-49a8-b833-6733a07cfb58,Abigail Hood,abigail.hood@gmail.com,$2a$10$Gs.PmaGJQtm0ThQF3VkX2u/VVqW8rHz1KpSFRiLmnY74l7GmlCUSu,MEDICINA_CHIRURGIA_ODONTOIATRIA, 
7878784f-de48-4619-81b1-6160441faf53,Christopher Jones,christopher.jones@gmail.com,$2a$10$Gs.PmaGJQtm0ThQF3VkX2u/VVqW8rHz1KpSFRiLmnY74l7GmlCUSu,INGEGNERIA_EDILE, 
3efe84fc-ae2f-40b7-a7b6-46ecaf1c1fa3,Michael Brown,michael.brown@gmail.com,$2a$10$Gs.PmaGJQtm0ThQF3VkX2u/VVqW8rHz1KpSFRiLmnY74l7GmlCUSu,POLITICHE_SOCIALI, 
0335f7b5-8bda-4061-8932-515bd07afe70,Sheila Macias,sheila.macias@gmail.com,$2a$10$Gs.PmaGJQtm0ThQF3VkX2u/VVqW8rHz1KpSFRiLmnY74l7GmlCUSu,ECONOMICHE_STATISTICHE, 
61104d3b-759e-4461-847d-f07ec1444008,Nicholas Cole,nicholas.cole@gmail.com,$2a$10$Gs.PmaGJQtm0ThQF3VkX2u/VVqW8rHz1KpSFRiLmnY74l7GmlCUSu,FISICA, 
59fbb78b-eb4a-492f-a9e6-7b3cdb9ff35a,Amanda Austin,amanda.austin@gmail.com,$2a$10$Gs.PmaGJQtm0ThQF3VkX2u/VVqW8rHz1KpSFRiLmnY74l7GmlCUSu,INGEGNERIA_ELETTRICA, 
02a4423e-1fbd-42bf-a5cf-aa5269f4a92a,Courtney Snyder,courtney.snyder@gmail.com,$2a$10$Gs.PmaGJQtm0ThQF3VkX2u/VVqW8rHz1KpSFRiLmnY74l7GmlCUSu,INFORMATICA, 
7770d3e1-eb9f-4d90-b5bf-06b523a11246,Dana Rodriguez,dana.rodriguez@gmail.com,$2a$10$Gs.PmaGJQtm0ThQF3VkX2u/VVqW8rHz1KpSFRiLmnY74l7GmlCUSu,SCUOLA_MEDICINA, 
de17f080-ea6b-4d52-8163-564584ded68d,Kathleen Johnson,kathleen.johnson@gmail.com,$2a$10$Gs.PmaGJQtm0ThQF3VkX2u/VVqW8rHz1KpSFRiLmnY74l7GmlCUSu,ARCHITETTURA, 
2657269f-b4d8-42e6-be15-ddcc36e2e81c,Casey Larson,casey.larson@gmail.com,$2a$10$Gs.PmaGJQtm0ThQF3VkX2u/VVqW8rHz1KpSFRiLmnY74l7GmlCUSu,MATEMATICA_FISICA, 
e1666b2b-d2bb-4e17-8487-98dfbf73e916,Zachary Ortiz,zachary.ortiz@gmail.com,$2a$10$Gs.PmaGJQtm0ThQF3VkX2u/VVqW8rHz1KpSFRiLmnY74l7GmlCUSu,GIURIDICHE, 
6d05c556-e095-4fb1-9f64-538efb0516b6,Jennifer Trujillo,jennifer.trujillo@gmail.com,$2a$10$Gs.PmaGJQtm0ThQF3VkX2u/VVqW8rHz1KpSFRiLmnY74l7GmlCUSu,FARMACIA, 
88b643b2-e364-4d42-8677-cdbaf036f15c,Amber Cisneros,amber.cisneros@gmail.com,$2a$10$Gs.PmaGJQtm0ThQF3VkX2u/VVqW8rHz1KpSFRiLmnY74l7GmlCUSu,MOTORIE_UMANE_SOCIALI, 
544c8bb4-40eb-4b1e-9c5c-75ec79f0e2e8,Joshua Medina,joshua.medina@gmail.com,$2a$10$Gs.PmaGJQtm0ThQF3VkX2u/VVqW8rHz1KpSFRiLmnY74l7GmlCUSu,FARMACIA, 
4d5c51ac-9bfb-440a-9e59-997ca01eaad5,Cassandra Barnes,cassandra.barnes@gmail.com,$2a$10$Gs.PmaGJQtm0ThQF3VkX2u/VVqW8rHz1KpSFRiLmnY74l7GmlCUSu,INGEGNERIA_ELETTRICA, 
26d3b43d-a542-4501-8482-53114287d058,Suzanne Poole,suzanne.poole@gmail.com,$2a$10$Gs.PmaGJQtm0ThQF3VkX2u/VVqW8rHz1KpSFRiLmnY74l7GmlCUSu,INGEGNERIA_EDILE, 
97894cc2-a9b9-4b7a-b4ab-051ac9fc4536,Vincent Lucas,vincent.lucas@gmail.com,$2a$10$Gs.PmaGJQtm0ThQF3VkX2u/VVqW8rHz1KpSFRiLmnY74l7GmlCUSu,ARCHITETTURA, 
fb533522-bee2-427d-93e5-a2b734c4a729,Cynthia Flores,cynthia.flores@gmail.com,$2a$10$Gs.PmaGJQtm0ThQF3VkX2u/VVqW8rHz1KpSFRiLmnY74l7GmlCUSu,AGRICOLA, 
87dcc98e-504d-47f9-bc6f-e74d27760a9d,Cynthia Brown,cynthia.brown@gmail.com,$2a$10$Gs.PmaGJQtm0ThQF3VkX2u/VVqW8rHz1KpSFRiLmnY74l7GmlCUSu,INGEGNERIA_INDUSTRIALE, 
c3cc9014-3e35-4714-8624-513801b833f1,Rebecca Owens,rebecca.owens@gmail.com,$2a$10$Gs.PmaGJQtm0ThQF3VkX2u/VVqW8rHz1KpSFRiLmnY74l7GmlCUSu,POLITICHE_SOCIALI, 
d86281ca-7b7b-408f-a6ad-64716442c44d,Darren Harrell,darren.harrell@gmail.com,$2a$10$Gs.PmaGJQtm0ThQF3VkX2u/VVqW8rHz1KpSFRiLmnY74l7GmlCUSu,FORMAZIONE_BENICULTURALI, 
9483b236-d527-4438-871a-3ef1418aa608,Michelle Harrington,michelle.harrington@gmail.com,$2a$10$Gs.PmaGJQtm0ThQF3VkX2u/VVqW8rHz1KpSFRiLmnY74l7GmlCUSu,GIURIDICHE, 
b1133975-3aa6-46cd-acbe-3d3f6aa2c325,John Potts,john.potts@gmail.com,$2a$10$Gs.PmaGJQtm0ThQF3VkX2u/VVqW8rHz1KpSFRiLmnY74l7GmlCUSu,ECONOMICHE_STATISTICHE, 
d2916816-ed83-4de1-9799-48b3d6502091,Joshua Jefferson,joshua.jefferson@gmail.com,$2a$10$Gs.PmaGJQtm0ThQF3VkX2u/VVqW8rHz1KpSFRiLmnY74l7GmlCUSu,FARMACIA, 
697b80df-373c-4557-a58e-e51b023e8a9b,Shelley Mccoy,shelley.mccoy@gmail.com,$2a$10$Gs.PmaGJQtm0ThQF3VkX2u/VVqW8rHz1KpSFRiLmnY74l7GmlCUSu,INGEGNERIA_EDILE, 
606a9d39-fafc-449b-bf59-cab5ece7be9b,Wesley Davis,wesley.davis@gmail.com,$2a$10$Gs.PmaGJQtm0ThQF3VkX2u/VVqW8rHz1KpSFRiLmnY74l7GmlCUSu,ECONOMICHE_STATISTICHE, 
9bc27803-03fc-4ae1-93e1-c7523e724f23,Mark Wilson,mark.wilson@gmail.com,$2a$10$Gs.PmaGJQtm0ThQF3VkX2u/VVqW8rHz1KpSFRiLmnY74l7GmlCUSu,INGEGNERIA_ELETTRICA, 
be660884-325b-40eb-9544-59adc9e29a7d,Chloe Young,chloe.young@gmail.com,$2a$10$Gs.PmaGJQtm0ThQF3VkX2u/VVqW8rHz1KpSFRiLmnY74l7GmlCUSu,MEDICINA_CHIRURGIA_ODONTOIATRIA, 
80c562a7-89fc-4682-affd-0c7f6563194b,Janet Kim,janet.kim@gmail.com,$2a$10$Gs.PmaGJQtm0ThQF3VkX2u/VVqW8rHz1KpSFRiLmnY74l7GmlCUSu,INGEGNERIA_INDUSTRIALE, 
2f93dc93-b8d0-47d4-8708-44b6dd30babb,Christine Finley,christine.finley@gmail.com,$2a$10$Gs.PmaGJQtm0ThQF3VkX2u/VVqW8rHz1KpSFRiLmnY74l7GmlCUSu,FARMACIA, 
98fd2a8e-6904-4d0d-a2d8-c5c101a8c448,Kimberly Simmons,kimberly.simmons@gmail.com,$2a$10$Gs.PmaGJQtm0ThQF3VkX2u/VVqW8rHz1KpSFRiLmnY74l7GmlCUSu,AGRICOLA, 
19b4e9c3-f276-4fd2-a8ab-c6d9ca4c3a5b,Patrick Mclean,patrick.mclean@gmail.com,$2a$10$Gs.PmaGJQtm0ThQF3VkX2u/VVqW8rHz1KpSFRiLmnY74l7GmlCUSu,CHIMICHE, 
4c9db40e-9d9d-4423-bdc5-2c97e38b0904,Christina Valdez,christina.valdez@gmail.com,$2a$10$Gs.PmaGJQtm0ThQF3VkX2u/VVqW8rHz1KpSFRiLmnY74l7GmlCUSu,POLITICHE_SOCIALI, 
5eb7cd2a-0629-4107-8344-74605cec2978,Lisa Tran,lisa.tran@gmail.com,$2a$10$Gs.PmaGJQtm0ThQF3VkX2u/VVqW8rHz1KpSFRiLmnY74l7GmlCUSu,INGEGNERIA_INDUSTRIALE, 
16269af5-fb97-4753-a8f8-7278ff239dc9,Phillip Miller,phillip.miller@gmail.com,$2a$10$Gs.PmaGJQtm0ThQF3VkX2u/VVqW8rHz1KpSFRiLmnY74l7GmlCUSu,INGEGNERIA_ELETTRICA, 
4eb7ba53-e9b9-4ee9-98f5-dd64b82a7ad5,Erin Washington,erin.washington@gmail.com,$2a$10$Gs.PmaGJQtm0ThQF3VkX2u/VVqW8rHz1KpSFRiLmnY74l7GmlCUSu,MOTORIE_UMANE_SOCIALI, 
6efa7a64-6764-4d6d-b771-7ee864e05cdb,Bradley Hood,bradley.hood@gmail.com,$2a$10$Gs.PmaGJQtm0ThQF3VkX2u/VVqW8rHz1KpSFRiLmnY74l7GmlCUSu,SCUOLA_MEDICINA, 
49041d4e-6288-4502-baec-f7d8791488df,Gary Wright,gary.wright@gmail.com,$2a$10$Gs.PmaGJQtm0ThQF3VkX2u/VVqW8rHz1KpSFRiLmnY74l7GmlCUSu,INFORMATICA, 
25179808-9efe-4b99-906a-c22ac8fca20f,Christopher Henry,christopher.henry@gmail.com,$2a$10$Gs.PmaGJQtm0ThQF3VkX2u/VVqW8rHz1KpSFRiLmnY74l7GmlCUSu,AGRICOLA, 
390be34c-3d2b-45c2-a7e8-ea30d3ce0754,Kathleen Thompson,kathleen.thompson@gmail.com,$2a$10$Gs.PmaGJQtm0ThQF3VkX2u/VVqW8rHz1KpSFRiLmnY74l7GmlCUSu,POLITICHE_SOCIALI, 
8dfe9136-888a-4da8-8c4c-85f1ebaa762a,Kimberly Montgomery,kimberly.montgomery@gmail.com,$2a$10$Gs.PmaGJQtm0ThQF3VkX2u/VVqW8rHz1KpSFRiLmnY74l7GmlCUSu,POLITICHE_SOCIALI, 
7e5951f9-3d87-4a86-87ac-386c90a55df5,Anthony Williams,anthony.williams@gmail.com,$2a$10$Gs.PmaGJQtm0ThQF3VkX2u/VVqW8rHz1KpSFRiLmnY74l7GmlCUSu,INFORMATICA, 
a69c4bb9-81dc-4796-a476-26cce8f51902,Patrick Hart,patrick.hart@gmail.com,$2a$10$Gs.PmaGJQtm0ThQF3VkX2u/VVqW8rHz1KpSFRiLmnY74l7GmlCUSu,INGEGNERIA_EDILE, 
fc9390f6-dc66-4311-a63e-2cc1b4b67e33,Miranda Blackwell,miranda.blackwell@gmail.com,$2a$10$Gs.PmaGJQtm0ThQF3VkX2u/VVqW8rHz1KpSFRiLmnY74l7GmlCUSu,INGEGNERIA_EDILE, 
77d5a3fc-b6b7-4fca-a90f-02762eedd0ca,Wanda Anderson,wanda.anderson@gmail.com,$2a$10$Gs.PmaGJQtm0ThQF3VkX2u/VVqW8rHz1KpSFRiLmnY74l7GmlCUSu,CHIMICHE, 
43e11455-c84e-48a7-a6f0-a74f6651836c,Stephanie Sanchez,stephanie.sanchez@gmail.com,$2a$10$Gs.PmaGJQtm0ThQF3VkX2u/VVqW8rHz1KpSFRiLmnY74l7GmlCUSu,BIOMEDICHE, 
a55b9e67-18ce-47d8-817b-753b85ab1544,Kara Moss,kara.moss@gmail.com,$2a$10$Gs.PmaGJQtm0ThQF3VkX2u/VVqW8rHz1KpSFRiLmnY74l7GmlCUSu,GIURIDICHE, 
715fc0f6-0156-4e1c-8567-dbed7d67b582,Emily Alvarez,emily.alvarez@gmail.com,$2a$10$Gs.PmaGJQtm0ThQF3VkX2u/VVqW8rHz1KpSFRiLmnY74l7GmlCUSu,FARMACIA, 
87c1bd9e-1db5-4661-afcc-dc211fc73752,Steven Ryan,steven.ryan@gmail.com,$2a$10$Gs.PmaGJQtm0ThQF3VkX2u/VVqW8rHz1KpSFRiLmnY74l7GmlCUSu,LINGUAGGIO_BENICULTURALI, 
aa68f199-2bc6-47b5-b27d-dd6b73499ffa,Alexander Moreno,alexander.moreno@gmail.com,$2a$10$Gs.PmaGJQtm0ThQF3VkX2u/VVqW8rHz1KpSFRiLmnY74l7GmlCUSu,ARCHITETTURA, 
842bfdfc-fbbe-4819-9fa2-874e223396f8,Andrea Parker,andrea.parker@gmail.com,$2a$10$Gs.PmaGJQtm0ThQF3VkX2u/VVqW8rHz1KpSFRiLmnY74l7GmlCUSu,ARCHITETTURA, 
4fb9a7c9-e77d-4844-9454-3187e851d9b4,Mary Riggs DDS,mary.dds@gmail.com,$2a$10$Gs.PmaGJQtm0ThQF3VkX2u/VVqW8rHz1KpSFRiLmnY74l7GmlCUSu,INGEGNERIA_EDILE, 
3f70d851-e339-4b75-9275-a11c0fb30caf,Maria Pratt,maria.pratt@gmail.com,$2a$10$Gs.PmaGJQtm0ThQF3VkX2u/VVqW8rHz1KpSFRiLmnY74l7GmlCUSu,INGEGNERIA_EDILE, 
0640c246-1bba-4055-9811-a3026aa1394a,Maurice Rose,maurice.rose@gmail.com,$2a$10$Gs.PmaGJQtm0ThQF3VkX2u/VVqW8rHz1KpSFRiLmnY74l7GmlCUSu,LINGUAGGIO_BENICULTURALI, 
fa45afe0-da71-4b29-8834-0da0e665fa26,Jean Edwards,jean.edwards@gmail.com,$2a$10$Gs.PmaGJQtm0ThQF3VkX2u/VVqW8rHz1KpSFRiLmnY74l7GmlCUSu,INGEGNERIA_EDILE, 
019522f0-800d-4f62-8387-816ad742d8a6,Dana Kelly,dana.kelly@gmail.com,$2a$10$Gs.PmaGJQtm0ThQF3VkX2u/VVqW8rHz1KpSFRiLmnY74l7GmlCUSu,INFORMATICA, 
83726750-3a11-410d-90f0-f192de20f6eb,Peter Jackson,peter.jackson@gmail.com,$2a$10$Gs.PmaGJQtm0ThQF3VkX2u/VVqW8rHz1KpSFRiLmnY74l7GmlCUSu,FISICA, 
ccede77d-9db8-4fcf-a241-733a7af8c9d2,Emily Thompson,emily.thompson@gmail.com,$2a$10$Gs.PmaGJQtm0ThQF3VkX2u/VVqW8rHz1KpSFRiLmnY74l7GmlCUSu,FORMAZIONE_BENICULTURALI, 
16eb74d1-4842-470b-ad14-258aed643764,Lori Clay,lori.clay@gmail.com,$2a$10$Gs.PmaGJQtm0ThQF3VkX2u/VVqW8rHz1KpSFRiLmnY74l7GmlCUSu,INGEGNERIA_ELETTRICA, 
02d848a2-a042-4bfa-8ec9-8b250c26fa9f,Daniel Carr,daniel.carr@gmail.com,$2a$10$Gs.PmaGJQtm0ThQF3VkX2u/VVqW8rHz1KpSFRiLmnY74l7GmlCUSu,POLITICHE_SOCIALI, 
474b7dc7-6b4b-4914-acea-398b18d80cc7,Kelsey Campbell,kelsey.campbell@gmail.com,$2a$10$Gs.PmaGJQtm0ThQF3VkX2u/VVqW8rHz1KpSFRiLmnY74l7GmlCUSu,LINGUAGGIO_BENICULTURALI, 
13cd27f0-a10d-48f5-b4ff-010e467efc4b,Pamela Duncan,pamela.duncan@gmail.com,$2a$10$Gs.PmaGJQtm0ThQF3VkX2u/VVqW8rHz1KpSFRiLmnY74l7GmlCUSu,INGEGNERIA_ELETTRICA, 
d4474146-ee09-41ce-9154-9092791bf3d9,Rebekah Townsend,rebekah.townsend@gmail.com,$2a$10$Gs.PmaGJQtm0ThQF3VkX2u/VVqW8rHz1KpSFRiLmnY74l7GmlCUSu,FORMAZIONE_BENICULTURALI, 
461e2bf3-593f-4aa4-a3f9-ca44eb6ad007,Rebecca Clay,rebecca.clay@gmail.com,$2a$10$Gs.PmaGJQtm0ThQF3VkX2u/VVqW8rHz1KpSFRiLmnY74l7GmlCUSu,SCUOLA_MEDICINA, 
b8028ba8-5aa0-408a-9f57-3ecf0503d01f,Tyler Robinson,tyler.robinson@gmail.com,$2a$10$Gs.PmaGJQtm0ThQF3VkX2u/VVqW8rHz1KpSFRiLmnY74l7GmlCUSu,MEDICINA_CHIRURGIA_ODONTOIATRIA, 
cd9aeb78-f707-4fad-8618-c7e661ba1f40,Philip Ward,philip.ward@gmail.com,$2a$10$Gs.PmaGJQtm0ThQF3VkX2u/VVqW8rHz1KpSFRiLmnY74l7GmlCUSu,INGEGNERIA_ELETTRICA, 
bb8b020b-1e68-496a-9f38-35f3eafeacb8,Jessica Gray,jessica.gray@gmail.com,$2a$10$Gs.PmaGJQtm0ThQF3VkX2u/VVqW8rHz1KpSFRiLmnY74l7GmlCUSu,CHIMICHE, 
f60a76fd-c17b-413d-b3a4-d3fe54960554,Timothy Roberts,timothy.roberts@gmail.com,$2a$10$Gs.PmaGJQtm0ThQF3VkX2u/VVqW8rHz1KpSFRiLmnY74l7GmlCUSu,FARMACIA, 
63027e63-643a-48cf-bb3e-a8deacf5ca6d,Eduardo Rodriguez,eduardo.rodriguez@gmail.com,$2a$10$Gs.PmaGJQtm0ThQF3VkX2u/VVqW8rHz1KpSFRiLmnY74l7GmlCUSu,INGEGNERIA_ELETTRICA, 
2e6792c8-1288-4a4f-ac6c-cb240234fc0b,Daniel Garcia,daniel.garcia@gmail.com,$2a$10$Gs.PmaGJQtm0ThQF3VkX2u/VVqW8rHz1KpSFRiLmnY74l7GmlCUSu,MEDICINA_CHIRURGIA_ODONTOIATRIA, 
a8dcfb5b-7bc5-4f08-9b64-f1f065d7518e,Adam Greer,adam.greer@gmail.com,$2a$10$Gs.PmaGJQtm0ThQF3VkX2u/VVqW8rHz1KpSFRiLmnY74l7GmlCUSu,AGRICOLA, 
586429ed-0c10-4c7c-b58a-ddebaf4ed414,Jessica Livingston,jessica.livingston@gmail.com,$2a$10$Gs.PmaGJQtm0ThQF3VkX2u/VVqW8rHz1KpSFRiLmnY74l7GmlCUSu,MEDICINA_CHIRURGIA_ODONTOIATRIA, 
cb7f77fb-8a3e-4a4b-a650-bcb6887233aa,Daniel Santos,daniel.santos@gmail.com,$2a$10$Gs.PmaGJQtm0ThQF3VkX2u/VVqW8rHz1KpSFRiLmnY74l7GmlCUSu,GIURIDICHE, 
df4e7987-360b-44ec-985c-54148502f204,Richard Taylor,richard.taylor@gmail.com,$2a$10$Gs.PmaGJQtm0ThQF3VkX2u/VVqW8rHz1KpSFRiLmnY74l7GmlCUSu,GIURIDICHE, 
82df8ca6-9b44-4466-823e-dc29eebecfc7,Dakota Williams,dakota.williams@gmail.com,$2a$10$Gs.PmaGJQtm0ThQF3VkX2u/VVqW8rHz1KpSFRiLmnY74l7GmlCUSu,INFORMATICA, 
ba9e34e4-a650-45db-9f32-065ae6e114cb,Mathew Smith,mathew.smith@gmail.com,$2a$10$Gs.PmaGJQtm0ThQF3VkX2u/VVqW8rHz1KpSFRiLmnY74l7GmlCUSu,LINGUAGGIO_BENICULTURALI, 
bdc414c5-b282-4a60-b7c1-5c09d07e4b81,Willie Arroyo,willie.arroyo@gmail.com,$2a$10$Gs.PmaGJQtm0ThQF3VkX2u/VVqW8rHz1KpSFRiLmnY74l7GmlCUSu,FISICA, 
75b48b94-ebe2-4670-989e-6549a48ec127,Cameron Cochran,cameron.cochran@gmail.com,$2a$10$Gs.PmaGJQtm0ThQF3VkX2u/VVqW8rHz1KpSFRiLmnY74l7GmlCUSu,ARCHITETTURA, 
f9fbf162-14e4-40e0-bc34-76fb5afc04b3,Kristina Mcintyre,kristina.mcintyre@gmail.com,$2a$10$Gs.PmaGJQtm0ThQF3VkX2u/VVqW8rHz1KpSFRiLmnY74l7GmlCUSu,BIOMEDICHE, 
71b5cd51-a39b-453e-b22d-2f2182bf7345,Jeffrey Williams,jeffrey.williams@gmail.com,$2a$10$Gs.PmaGJQtm0ThQF3VkX2u/VVqW8rHz1KpSFRiLmnY74l7GmlCUSu,LINGUAGGIO_BENICULTURALI, 
ac0c549d-bd3e-40f6-af0c-e4808d9ffbbb,Rhonda Wheeler,rhonda.wheeler@gmail.com,$2a$10$Gs.PmaGJQtm0ThQF3VkX2u/VVqW8rHz1KpSFRiLmnY74l7GmlCUSu,INGEGNERIA_INDUSTRIALE, 
4cd0f3d4-5208-4b38-92d4-e3e48ae6e04f,Tara Davis DVM,tara.dvm@gmail.com,$2a$10$Gs.PmaGJQtm0ThQF3VkX2u/VVqW8rHz1KpSFRiLmnY74l7GmlCUSu,ARCHITETTURA, 
57e5070c-68bb-4630-9064-a8c6a6535112,Richard Anthony,richard.anthony@gmail.com,$2a$10$Gs.PmaGJQtm0ThQF3VkX2u/VVqW8rHz1KpSFRiLmnY74l7GmlCUSu,MOTORIE_UMANE_SOCIALI, 
7a8dbae8-052f-49c3-b888-1a96e5e948d2,Ronald Santana,ronald.santana@gmail.com,$2a$10$Gs.PmaGJQtm0ThQF3VkX2u/VVqW8rHz1KpSFRiLmnY74l7GmlCUSu,CHIMICHE, 
57fa123e-96d0-47e2-bb3b-67c083e87766,Mr. Stephen Nguyen,mr..nguyen@gmail.com,$2a$10$Gs.PmaGJQtm0ThQF3VkX2u/VVqW8rHz1KpSFRiLmnY74l7GmlCUSu,GIURIDICHE, 
5f8fc3e9-c850-4588-931f-bd7b3d55e8df,Holly Howell,holly.howell@gmail.com,$2a$10$Gs.PmaGJQtm0ThQF3VkX2u/VVqW8rHz1KpSFRiLmnY74l7GmlCUSu,FORMAZIONE_BENICULTURALI, 
333bff8d-b15e-4fbf-8c06-7841a1ddcbf5,Linda Ballard,linda.ballard@gmail.com,$2a$10$Gs.PmaGJQtm0ThQF3VkX2u/VVqW8rHz1KpSFRiLmnY74l7GmlCUSu,MOTORIE_UMANE_SOCIALI, 
128f14bc-e70c-43f6-9f49-850f022519e7,Katelyn Sims,katelyn.sims@gmail.com,$2a$10$Gs.PmaGJQtm0ThQF3VkX2u/VVqW8rHz1KpSFRiLmnY74l7GmlCUSu,INFORMATICA, 
725886aa-9904-4181-a615-7f059b4008a4,Donna Levy,donna.levy@gmail.com,$2a$10$Gs.PmaGJQtm0ThQF3VkX2u/VVqW8rHz1KpSFRiLmnY74l7GmlCUSu,ECONOMICHE_STATISTICHE, 
2840db16-84f7-4c47-9cb8-217f935347d4,Brooke Williamson,brooke.williamson@gmail.com,$2a$10$Gs.PmaGJQtm0ThQF3VkX2u/VVqW8rHz1KpSFRiLmnY74l7GmlCUSu,MEDICINA_CHIRURGIA_ODONTOIATRIA, 
eb82ee45-ed87-45b2-8a38-c8b03d39f708,Tanya Garcia,tanya.garcia@gmail.com,$2a$10$Gs.PmaGJQtm0ThQF3VkX2u/VVqW8rHz1KpSFRiLmnY74l7GmlCUSu,FORMAZIONE_BENICULTURALI, 
0e849264-bbf4-4764-9741-4a008e0eb93c,Robin Baker,robin.baker@gmail.com,$2a$10$Gs.PmaGJQtm0ThQF3VkX2u/VVqW8rHz1KpSFRiLmnY74l7GmlCUSu,INGEGNERIA_INDUSTRIALE, 
cf1741b1-eed4-4ede-84cc-f40078b11587,Richard Davenport,richard.davenport@gmail.com,$2a$10$Gs.PmaGJQtm0ThQF3VkX2u/VVqW8rHz1KpSFRiLmnY74l7GmlCUSu,BIOMEDICHE, 
6d79eb17-cc96-4d1c-a106-b724e9c5dd73,Joshua Miller,joshua.miller@gmail.com,$2a$10$Gs.PmaGJQtm0ThQF3VkX2u/VVqW8rHz1KpSFRiLmnY74l7GmlCUSu,CHIMICHE, 
d65afdef-1ece-4ba7-8bf4-0c31a332c471,Natalie Young,natalie.young@gmail.com,$2a$10$Gs.PmaGJQtm0ThQF3VkX2u/VVqW8rHz1KpSFRiLmnY74l7GmlCUSu,MATEMATICA_FISICA, 
2a6c334c-345c-41ec-bdc3-4e6e2f4ebc11,Bobby Rivera,bobby.rivera@gmail.com,$2a$10$Gs.PmaGJQtm0ThQF3VkX2u/VVqW8rHz1KpSFRiLmnY74l7GmlCUSu,LINGUAGGIO_BENICULTURALI, 
e16d93b3-93dd-4b40-b2f4-477e0f2c0e54,Gary Watson,gary.watson@gmail.com,$2a$10$Gs.PmaGJQtm0ThQF3VkX2u/VVqW8rHz1KpSFRiLmnY74l7GmlCUSu,SCUOLA_MEDICINA, 
7382a153-a933-4173-a450-a454d06410ea,Austin Thompson,austin.thompson@gmail.com,$2a$10$Gs.PmaGJQtm0ThQF3VkX2u/VVqW8rHz1KpSFRiLmnY74l7GmlCUSu,ECONOMICHE_STATISTICHE, 
51319b25-d47a-48c6-9edb-5ce9edd1c512,Marco Morrison,marco.morrison@gmail.com,$2a$10$Gs.PmaGJQtm0ThQF3VkX2u/VVqW8rHz1KpSFRiLmnY74l7GmlCUSu,ECONOMICHE_STATISTICHE, 
958c7be0-0973-43af-92b1-c03d9a8ab137,Jason Boyd,jason.boyd@gmail.com,$2a$10$Gs.PmaGJQtm0ThQF3VkX2u/VVqW8rHz1KpSFRiLmnY74l7GmlCUSu,SCUOLA_MEDICINA, 
107d3da7-0fdb-415d-b7d7-e9011446267f,Jennifer Holloway,jennifer.holloway@gmail.com,$2a$10$Gs.PmaGJQtm0ThQF3VkX2u/VVqW8rHz1KpSFRiLmnY74l7GmlCUSu,MOTORIE_UMANE_SOCIALI, 
6bb5226b-2608-4f97-8b52-f314abf5ed6c,Travis Hood,travis.hood@gmail.com,$2a$10$Gs.PmaGJQtm0ThQF3VkX2u/VVqW8rHz1KpSFRiLmnY74l7GmlCUSu,AGRICOLA, 
2c15ba8a-fa3d-41bb-a8f0-066e257fcfe3,Kristen Reeves,kristen.reeves@gmail.com,$2a$10$Gs.PmaGJQtm0ThQF3VkX2u/VVqW8rHz1KpSFRiLmnY74l7GmlCUSu,POLITICHE_SOCIALI, 
01e63268-a89e-4ff5-9ebc-c4bc50f46c81,Alex Richardson,alex.richardson@gmail.com,$2a$10$Gs.PmaGJQtm0ThQF3VkX2u/VVqW8rHz1KpSFRiLmnY74l7GmlCUSu,MOTORIE_UMANE_SOCIALI, 
3ef20dda-780e-42b7-b7a8-7c3e5894fb95,Jose Jones,jose.jones@gmail.com,$2a$10$Gs.PmaGJQtm0ThQF3VkX2u/VVqW8rHz1KpSFRiLmnY74l7GmlCUSu,GIURIDICHE, 
3688d491-d543-494b-99bb-8aa651c979d5,Richard Armstrong,richard.armstrong@gmail.com,$2a$10$Gs.PmaGJQtm0ThQF3VkX2u/VVqW8rHz1KpSFRiLmnY74l7GmlCUSu,FARMACIA, 
706be427-e2c3-4092-b914-24eb25a717bd,Sarah Craig,sarah.craig@gmail.com,$2a$10$Gs.PmaGJQtm0ThQF3VkX2u/VVqW8rHz1KpSFRiLmnY74l7GmlCUSu,ECONOMICHE_STATISTICHE, 
c71b9ee8-7dfc-4acc-88c0-83f8a2aa6316,Brian Walker,brian.walker@gmail.com,$2a$10$Gs.PmaGJQtm0ThQF3VkX2u/VVqW8rHz1KpSFRiLmnY74l7GmlCUSu,AGRICOLA, 
20bb3e32-f871-4a3f-80a4-937b5e9cfbc8,Timothy Richardson,timothy.richardson@gmail.com,$2a$10$Gs.PmaGJQtm0ThQF3VkX2u/VVqW8rHz1KpSFRiLmnY74l7GmlCUSu,FORMAZIONE_BENICULTURALI, 
41a5554c-2dd2-488b-ad5e-5147bf4b9c26,George Macdonald,george.macdonald@gmail.com,$2a$10$Gs.PmaGJQtm0ThQF3VkX2u/VVqW8rHz1KpSFRiLmnY74l7GmlCUSu,ECONOMICHE_STATISTICHE, 
d8ebe503-e7f3-4aa9-ac8b-83c00f51962c,Anna Williams,anna.williams@gmail.com,$2a$10$Gs.PmaGJQtm0ThQF3VkX2u/VVqW8rHz1KpSFRiLmnY74l7GmlCUSu,MATEMATICA_FISICA, 
a67bd69f-fd3c-4d8a-b314-955635aadddc,Christine Paul,christine.paul@gmail.com,$2a$10$Gs.PmaGJQtm0ThQF3VkX2u/VVqW8rHz1KpSFRiLmnY74l7GmlCUSu,INGEGNERIA_EDILE, 
1ff444e8-3f4d-427c-bdd9-6e38e0f414b3,Marcus Carpenter,marcus.carpenter@gmail.com,$2a$10$Gs.PmaGJQtm0ThQF3VkX2u/VVqW8rHz1KpSFRiLmnY74l7GmlCUSu,SCUOLA_MEDICINA, 
c108edfd-fd1f-4663-8d16-bdcbdaa291d4,Adam Blair,adam.blair@gmail.com,$2a$10$Gs.PmaGJQtm0ThQF3VkX2u/VVqW8rHz1KpSFRiLmnY74l7GmlCUSu,GIURIDICHE, 
66855a70-c3eb-4780-8873-881926a4fcb2,Bradley Maynard,bradley.maynard@gmail.com,$2a$10$Gs.PmaGJQtm0ThQF3VkX2u/VVqW8rHz1KpSFRiLmnY74l7GmlCUSu,INGEGNERIA_ELETTRICA, 
2ccf9154-3777-4508-9c82-23b53d12a33b,Richard Green,richard.green@gmail.com,$2a$10$Gs.PmaGJQtm0ThQF3VkX2u/VVqW8rHz1KpSFRiLmnY74l7GmlCUSu,MATEMATICA_FISICA, 
b57a2037-1557-461c-9bde-1a8b3070b9c0,Mark Thomas,mark.thomas@gmail.com,$2a$10$Gs.PmaGJQtm0ThQF3VkX2u/VVqW8rHz1KpSFRiLmnY74l7GmlCUSu,SCUOLA_MEDICINA, 
4604fb5e-d809-4ee4-b261-e2fa59b2ff29,Sandra Miller,sandra.miller@gmail.com,$2a$10$Gs.PmaGJQtm0ThQF3VkX2u/VVqW8rHz1KpSFRiLmnY74l7GmlCUSu,INFORMATICA, 
c38d0d09-b0ef-4300-9a96-3f1402d178cd,Joy Brown,joy.brown@gmail.com,$2a$10$Gs.PmaGJQtm0ThQF3VkX2u/VVqW8rHz1KpSFRiLmnY74l7GmlCUSu,INGEGNERIA_EDILE, 
f8b2cd9b-453c-441a-a16f-149e26c5bc7c,Carlos Rodgers,carlos.rodgers@gmail.com,$2a$10$Gs.PmaGJQtm0ThQF3VkX2u/VVqW8rHz1KpSFRiLmnY74l7GmlCUSu,INGEGNERIA_EDILE, 
57ceb6ff-287d-4225-b29a-a695649ac8a2,Dakota Jacobson,dakota.jacobson@gmail.com,$2a$10$Gs.PmaGJQtm0ThQF3VkX2u/VVqW8rHz1KpSFRiLmnY74l7GmlCUSu,AGRICOLA, 
60fd04ef-b281-4a3b-8397-d9d9fba23679,Christy Edwards,christy.edwards@gmail.com,$2a$10$Gs.PmaGJQtm0ThQF3VkX2u/VVqW8rHz1KpSFRiLmnY74l7GmlCUSu,GIURIDICHE, 
7d277b9e-5180-4607-afeb-1e6d78367076,Barbara Nelson,barbara.nelson@gmail.com,$2a$10$Gs.PmaGJQtm0ThQF3VkX2u/VVqW8rHz1KpSFRiLmnY74l7GmlCUSu,SCUOLA_MEDICINA, 
72c9d717-2858-41d8-afb8-ee4a371b352a,Joshua Briggs,joshua.briggs@gmail.com,$2a$10$Gs.PmaGJQtm0ThQF3VkX2u/VVqW8rHz1KpSFRiLmnY74l7GmlCUSu,AGRICOLA, 
ec2145a6-570c-421d-a8f0-25341c5a0fb7,John Hanson,john.hanson@gmail.com,$2a$10$Gs.PmaGJQtm0ThQF3VkX2u/VVqW8rHz1KpSFRiLmnY74l7GmlCUSu,ARCHITETTURA, 
9e61201b-b0de-4499-8d61-34218d1fbee2,Ryan Rogers,ryan.rogers@gmail.com,$2a$10$Gs.PmaGJQtm0ThQF3VkX2u/VVqW8rHz1KpSFRiLmnY74l7GmlCUSu,FORMAZIONE_BENICULTURALI, 
bc84bd60-d00e-4357-b4fa-36145fba96f5,Cathy Davis,cathy.davis@gmail.com,$2a$10$Gs.PmaGJQtm0ThQF3VkX2u/VVqW8rHz1KpSFRiLmnY74l7GmlCUSu,MATEMATICA_FISICA, 
e867fad6-76b4-4e1c-8111-397078b5a346,Dean Williams,dean.williams@gmail.com,$2a$10$Gs.PmaGJQtm0ThQF3VkX2u/VVqW8rHz1KpSFRiLmnY74l7GmlCUSu,BIOMEDICHE, 
6ea56a93-6d73-409c-9607-132daade027b,Elizabeth Velez,elizabeth.velez@gmail.com,$2a$10$Gs.PmaGJQtm0ThQF3VkX2u/VVqW8rHz1KpSFRiLmnY74l7GmlCUSu,GIURIDICHE, 
4d0b9d5f-dc1c-4046-9b96-c3c55b10349c,David Young,david.young@gmail.com,$2a$10$Gs.PmaGJQtm0ThQF3VkX2u/VVqW8rHz1KpSFRiLmnY74l7GmlCUSu,ARCHITETTURA, 
b1e7be50-de8a-483e-a928-ec1147a50498,Dr. Jeffrey Dudley,dr..dudley@gmail.com,$2a$10$Gs.PmaGJQtm0ThQF3VkX2u/VVqW8rHz1KpSFRiLmnY74l7GmlCUSu,INGEGNERIA_INDUSTRIALE, 
728305a2-44f6-4879-af1a-e5f106e1e7b1,Dr. Rachel Wiggins,dr..wiggins@gmail.com,$2a$10$Gs.PmaGJQtm0ThQF3VkX2u/VVqW8rHz1KpSFRiLmnY74l7GmlCUSu,LINGUAGGIO_BENICULTURALI, 
a2b8f059-7d62-4895-87cf-80b85668b4b8,Michael Brady,michael.brady@gmail.com,$2a$10$Gs.PmaGJQtm0ThQF3VkX2u/VVqW8rHz1KpSFRiLmnY74l7GmlCUSu,CHIMICHE, 
f2d8e5b9-9bb5-4c16-88ef-96f0c6475384,Barry Alvarez,barry.alvarez@gmail.com,$2a$10$Gs.PmaGJQtm0ThQF3VkX2u/VVqW8rHz1KpSFRiLmnY74l7GmlCUSu,MOTORIE_UMANE_SOCIALI, 
8ef03037-b99b-4da5-a52e-53c3a55fd682,Eric Perkins,eric.perkins@gmail.com,$2a$10$Gs.PmaGJQtm0ThQF3VkX2u/VVqW8rHz1KpSFRiLmnY74l7GmlCUSu,INGEGNERIA_ELETTRICA, 
98c40929-0553-448e-ba5c-7be549c50058,Terrence Tapia,terrence.tapia@gmail.com,$2a$10$Gs.PmaGJQtm0ThQF3VkX2u/VVqW8rHz1KpSFRiLmnY74l7GmlCUSu,INGEGNERIA_INDUSTRIALE, 
8d72fa46-1b55-452c-ba09-9f2c038e6000,Joseph Joseph,joseph.joseph@gmail.com,$2a$10$Gs.PmaGJQtm0ThQF3VkX2u/VVqW8rHz1KpSFRiLmnY74l7GmlCUSu,LINGUAGGIO_BENICULTURALI, 
65b16606-01ed-446c-a05b-fd5cb7d6d9ab,Antonio Best,antonio.best@gmail.com,$2a$10$Gs.PmaGJQtm0ThQF3VkX2u/VVqW8rHz1KpSFRiLmnY74l7GmlCUSu,FORMAZIONE_BENICULTURALI, 
005e887d-1f8b-4ef5-b660-03c0947aa558,Joan Allen,joan.allen@gmail.com,$2a$10$Gs.PmaGJQtm0ThQF3VkX2u/VVqW8rHz1KpSFRiLmnY74l7GmlCUSu,MOTORIE_UMANE_SOCIALI, 
14709111-99fd-465f-9c10-f53751b42eb5,Julie Sullivan,julie.sullivan@gmail.com,$2a$10$Gs.PmaGJQtm0ThQF3VkX2u/VVqW8rHz1KpSFRiLmnY74l7GmlCUSu,ECONOMICHE_STATISTICHE, 
30ef3307-84cf-4606-b026-0cd7f1d1ad77,Jon Alexander,jon.alexander@gmail.com,$2a$10$Gs.PmaGJQtm0ThQF3VkX2u/VVqW8rHz1KpSFRiLmnY74l7GmlCUSu,SCUOLA_MEDICINA, 
6826c679-4f93-4515-a535-6ab99d16b4fd,Phillip Hayes,phillip.hayes@gmail.com,$2a$10$Gs.PmaGJQtm0ThQF3VkX2u/VVqW8rHz1KpSFRiLmnY74l7GmlCUSu,INGEGNERIA_EDILE, 
0a2b30a8-d45d-4cb4-b9ab-c17be96c8e6b,Phillip Ellis,phillip.ellis@gmail.com,$2a$10$Gs.PmaGJQtm0ThQF3VkX2u/VVqW8rHz1KpSFRiLmnY74l7GmlCUSu,AGRICOLA, 
b068ce6d-0e00-4d4d-89b4-f8bf2b145915,Stephanie Herring,stephanie.herring@gmail.com,$2a$10$Gs.PmaGJQtm0ThQF3VkX2u/VVqW8rHz1KpSFRiLmnY74l7GmlCUSu,GIURIDICHE, 
fe6776e1-7994-4252-b330-81fda372eafa,John Norris,john.norris@gmail.com,$2a$10$Gs.PmaGJQtm0ThQF3VkX2u/VVqW8rHz1KpSFRiLmnY74l7GmlCUSu,MEDICINA_CHIRURGIA_ODONTOIATRIA, 
b2573381-a666-41cc-8fa6-399078953328,Melissa Quinn,melissa.quinn@gmail.com,$2a$10$Gs.PmaGJQtm0ThQF3VkX2u/VVqW8rHz1KpSFRiLmnY74l7GmlCUSu,INFORMATICA, 
5ea86e4d-2f7f-4c30-94fc-5bb8b54cdd79,Madison Jones,madison.jones@gmail.com,$2a$10$Gs.PmaGJQtm0ThQF3VkX2u/VVqW8rHz1KpSFRiLmnY74l7GmlCUSu,AGRICOLA, 
9d360a80-a672-4c5d-a6a2-b1eb90f7671f,Julie Chavez,julie.chavez@gmail.com,$2a$10$Gs.PmaGJQtm0ThQF3VkX2u/VVqW8rHz1KpSFRiLmnY74l7GmlCUSu,FORMAZIONE_BENICULTURALI, 
d738e3cb-305f-415b-b9fe-ee8d11b9c64a,Nicholas Long,nicholas.long@gmail.com,$2a$10$Gs.PmaGJQtm0ThQF3VkX2u/VVqW8rHz1KpSFRiLmnY74l7GmlCUSu,LINGUAGGIO_BENICULTURALI, 
785db749-0900-4d87-af08-6213428d5ae6,Terry Carpenter,terry.carpenter@gmail.com,$2a$10$Gs.PmaGJQtm0ThQF3VkX2u/VVqW8rHz1KpSFRiLmnY74l7GmlCUSu,ARCHITETTURA, 
717a2d48-0f71-439a-b05e-ce85843c558a,Nathan Jones,nathan.jones@gmail.com,$2a$10$Gs.PmaGJQtm0ThQF3VkX2u/VVqW8rHz1KpSFRiLmnY74l7GmlCUSu,GIURIDICHE, 
6075e37c-e5c8-4e21-a15d-b1b11803be14,Derek Contreras,derek.contreras@gmail.com,$2a$10$Gs.PmaGJQtm0ThQF3VkX2u/VVqW8rHz1KpSFRiLmnY74l7GmlCUSu,SCUOLA_MEDICINA, 
2fb185e0-9c34-43df-8cd3-db3d96131235,Gina Smith,gina.smith@gmail.com,$2a$10$Gs.PmaGJQtm0ThQF3VkX2u/VVqW8rHz1KpSFRiLmnY74l7GmlCUSu,INGEGNERIA_ELETTRICA, 
a2a91b4d-5507-47ed-acc4-858c70f19de2,Timothy Lozano,timothy.lozano@gmail.com,$2a$10$Gs.PmaGJQtm0ThQF3VkX2u/VVqW8rHz1KpSFRiLmnY74l7GmlCUSu,MOTORIE_UMANE_SOCIALI, 
cec46995-29a9-446f-9b6d-7880f2e86c9e,Dr. Michele Keller,dr..keller@gmail.com,$2a$10$Gs.PmaGJQtm0ThQF3VkX2u/VVqW8rHz1KpSFRiLmnY74l7GmlCUSu,AGRICOLA, 
aeded4b9-0832-4b33-9657-e0b45fee7c74,Caitlin Harris,caitlin.harris@gmail.com,$2a$10$Gs.PmaGJQtm0ThQF3VkX2u/VVqW8rHz1KpSFRiLmnY74l7GmlCUSu,MEDICINA_CHIRURGIA_ODONTOIATRIA, 
2f741c1c-3c78-44bb-b552-0ca01e7c02f2,Shannon Leblanc,shannon.leblanc@gmail.com,$2a$10$Gs.PmaGJQtm0ThQF3VkX2u/VVqW8rHz1KpSFRiLmnY74l7GmlCUSu,SCUOLA_MEDICINA, 
e98237ca-b913-4ccd-9e77-13a5f070c00e,Joseph Torres,joseph.torres@gmail.com,$2a$10$Gs.PmaGJQtm0ThQF3VkX2u/VVqW8rHz1KpSFRiLmnY74l7GmlCUSu,INGEGNERIA_INDUSTRIALE, 
b970a061-64aa-404b-a2bd-2f9d8a0723b5,Christopher Patel,christopher.patel@gmail.com,$2a$10$Gs.PmaGJQtm0ThQF3VkX2u/VVqW8rHz1KpSFRiLmnY74l7GmlCUSu,MOTORIE_UMANE_SOCIALI, 
457d0403-63e6-4afc-8cf3-82c544bdae43,Kelli Diaz,kelli.diaz@gmail.com,$2a$10$Gs.PmaGJQtm0ThQF3VkX2u/VVqW8rHz1KpSFRiLmnY74l7GmlCUSu,MATEMATICA_FISICA, 
47d049c2-3187-40f3-9e97-ff5401a77f97,Sarah Parker,sarah.parker@gmail.com,$2a$10$Gs.PmaGJQtm0ThQF3VkX2u/VVqW8rHz1KpSFRiLmnY74l7GmlCUSu,FISICA, 
782e9b6d-22c7-4d9e-9816-ed5753f17beb,Mary Chambers,mary.chambers@gmail.com,$2a$10$Gs.PmaGJQtm0ThQF3VkX2u/VVqW8rHz1KpSFRiLmnY74l7GmlCUSu,MEDICINA_CHIRURGIA_ODONTOIATRIA, 
455dec8c-fb96-4087-b742-f71717716452,Beth Henderson,beth.henderson@gmail.com,$2a$10$Gs.PmaGJQtm0ThQF3VkX2u/VVqW8rHz1KpSFRiLmnY74l7GmlCUSu,ECONOMICHE_STATISTICHE, 
b5876292-6f2c-44e6-a9aa-263211241f6c,Manuel Morrison,manuel.morrison@gmail.com,$2a$10$Gs.PmaGJQtm0ThQF3VkX2u/VVqW8rHz1KpSFRiLmnY74l7GmlCUSu,SCUOLA_MEDICINA, 
861650d1-a2fc-428e-a88b-bdea492ac301,Duane Atkins,duane.atkins@gmail.com,$2a$10$Gs.PmaGJQtm0ThQF3VkX2u/VVqW8rHz1KpSFRiLmnY74l7GmlCUSu,SCUOLA_MEDICINA, 
29a87a83-ac86-4140-86d4-083af05e4e20,Melissa Maynard,melissa.maynard@gmail.com,$2a$10$Gs.PmaGJQtm0ThQF3VkX2u/VVqW8rHz1KpSFRiLmnY74l7GmlCUSu,ECONOMICHE_STATISTICHE, 
96c5830c-0aaf-40d4-8993-386459e5eaaf,Douglas Wilson,douglas.wilson@gmail.com,$2a$10$Gs.PmaGJQtm0ThQF3VkX2u/VVqW8rHz1KpSFRiLmnY74l7GmlCUSu,INFORMATICA, 
dc4ef553-84dc-4603-88d9-0bccf0233d26,Peter Perez,peter.perez@gmail.com,$2a$10$Gs.PmaGJQtm0ThQF3VkX2u/VVqW8rHz1KpSFRiLmnY74l7GmlCUSu,ECONOMICHE_STATISTICHE, 
a19dffa4-e491-4659-81f9-5711b5e09cf2,Tina Hughes,tina.hughes@gmail.com,$2a$10$Gs.PmaGJQtm0ThQF3VkX2u/VVqW8rHz1KpSFRiLmnY74l7GmlCUSu,INGEGNERIA_EDILE, 
dfcabf53-500e-493b-996e-0b86fa7ac93d,Jerry Shaw,jerry.shaw@gmail.com,$2a$10$Gs.PmaGJQtm0ThQF3VkX2u/VVqW8rHz1KpSFRiLmnY74l7GmlCUSu,LINGUAGGIO_BENICULTURALI, 
91232499-9f9a-4cd6-b899-15ec1e708911,Stacy Torres,stacy.torres@gmail.com,$2a$10$Gs.PmaGJQtm0ThQF3VkX2u/VVqW8rHz1KpSFRiLmnY74l7GmlCUSu,INGEGNERIA_EDILE, 
d0a8e36c-d07b-40f0-9256-4abcb98fb0f9,Mr. Donald Case,mr..case@gmail.com,$2a$10$Gs.PmaGJQtm0ThQF3VkX2u/VVqW8rHz1KpSFRiLmnY74l7GmlCUSu,LINGUAGGIO_BENICULTURALI, 
0035c7a4-63a6-4f40-93ff-22f88f26698d,William Wright,william.wright@gmail.com,$2a$10$Gs.PmaGJQtm0ThQF3VkX2u/VVqW8rHz1KpSFRiLmnY74l7GmlCUSu,INGEGNERIA_INDUSTRIALE, 
aa436f91-3418-4595-8416-023f00669f1d,Ms. Jennifer Roberson,ms..roberson@gmail.com,$2a$10$Gs.PmaGJQtm0ThQF3VkX2u/VVqW8rHz1KpSFRiLmnY74l7GmlCUSu,LINGUAGGIO_BENICULTURALI, 
65e647d0-2dfa-43cf-be71-db140766de0e,Connie Johnson,connie.johnson@gmail.com,$2a$10$Gs.PmaGJQtm0ThQF3VkX2u/VVqW8rHz1KpSFRiLmnY74l7GmlCUSu,SCUOLA_MEDICINA, 
d3702442-bd68-4839-8dbb-faac540aac32,Meghan Dixon,meghan.dixon@gmail.com,$2a$10$Gs.PmaGJQtm0ThQF3VkX2u/VVqW8rHz1KpSFRiLmnY74l7GmlCUSu,ECONOMICHE_STATISTICHE, 
1c798ad4-5f54-4aa6-812b-55f0c5035f01,Debra Hubbard,debra.hubbard@gmail.com,$2a$10$Gs.PmaGJQtm0ThQF3VkX2u/VVqW8rHz1KpSFRiLmnY74l7GmlCUSu,MOTORIE_UMANE_SOCIALI, 
fe4b7207-adb1-40aa-baf3-780d294bf865,Chad Allen,chad.allen@gmail.com,$2a$10$Gs.PmaGJQtm0ThQF3VkX2u/VVqW8rHz1KpSFRiLmnY74l7GmlCUSu,MOTORIE_UMANE_SOCIALI, 
4fa6eac4-b6b0-4105-adfa-91992eb8233e,Steven Miller,steven.miller@gmail.com,$2a$10$Gs.PmaGJQtm0ThQF3VkX2u/VVqW8rHz1KpSFRiLmnY74l7GmlCUSu,INGEGNERIA_EDILE, 
80c14127-13b4-4beb-942d-085487eaf415,Anthony Cook,anthony.cook@gmail.com,$2a$10$Gs.PmaGJQtm0ThQF3VkX2u/VVqW8rHz1KpSFRiLmnY74l7GmlCUSu,MOTORIE_UMANE_SOCIALI, 
5dcafa51-335a-474a-ba36-d5ba3cd194e9,James Hansen,james.hansen@gmail.com,$2a$10$Gs.PmaGJQtm0ThQF3VkX2u/VVqW8rHz1KpSFRiLmnY74l7GmlCUSu,CHIMICHE, 
a2c0d594-aef1-4608-951a-b4397f259cce,William Nicholson,william.nicholson@gmail.com,$2a$10$Gs.PmaGJQtm0ThQF3VkX2u/VVqW8rHz1KpSFRiLmnY74l7GmlCUSu,FISICA, 
2617c3c0-dd36-4d4a-809b-41c9d7efd821,Michael Santiago,michael.santiago@gmail.com,$2a$10$Gs.PmaGJQtm0ThQF3VkX2u/VVqW8rHz1KpSFRiLmnY74l7GmlCUSu,ECONOMICHE_STATISTICHE, 
2a3ea8d5-a9c3-4c9d-ace2-8b5f23838a10,Jon Farrell,jon.farrell@gmail.com,$2a$10$Gs.PmaGJQtm0ThQF3VkX2u/VVqW8rHz1KpSFRiLmnY74l7GmlCUSu,INGEGNERIA_INDUSTRIALE, 
510bf971-ef19-4751-aa70-735883a9c320,Kimberly Chan,kimberly.chan@gmail.com,$2a$10$Gs.PmaGJQtm0ThQF3VkX2u/VVqW8rHz1KpSFRiLmnY74l7GmlCUSu,INGEGNERIA_ELETTRICA, 
6122b654-0055-4db0-9130-c4788a123c8c,Christy Carrillo,christy.carrillo@gmail.com,$2a$10$Gs.PmaGJQtm0ThQF3VkX2u/VVqW8rHz1KpSFRiLmnY74l7GmlCUSu,CHIMICHE, 
d98eb0ff-d61f-48a2-877c-ca91385ad15c,Lauren Strong,lauren.strong@gmail.com,$2a$10$Gs.PmaGJQtm0ThQF3VkX2u/VVqW8rHz1KpSFRiLmnY74l7GmlCUSu,INGEGNERIA_EDILE, 
cd648264-774a-47ca-a0c7-73f8786b87f7,Paula Mcbride,paula.mcbride@gmail.com,$2a$10$Gs.PmaGJQtm0ThQF3VkX2u/VVqW8rHz1KpSFRiLmnY74l7GmlCUSu,ARCHITETTURA, 
877f1a5f-3196-457d-93fe-3865932a84dd,Anthony Johnson,anthony.johnson@gmail.com,$2a$10$Gs.PmaGJQtm0ThQF3VkX2u/VVqW8rHz1KpSFRiLmnY74l7GmlCUSu,BIOMEDICHE, 
b504b2e3-2ac9-4705-89bf-d657815f2feb,Brenda Sanchez,brenda.sanchez@gmail.com,$2a$10$Gs.PmaGJQtm0ThQF3VkX2u/VVqW8rHz1KpSFRiLmnY74l7GmlCUSu,ARCHITETTURA, 
1420d9ac-e4bd-422c-a514-b73f38bc7d62,Erin Salazar,erin.salazar@gmail.com,$2a$10$Gs.PmaGJQtm0ThQF3VkX2u/VVqW8rHz1KpSFRiLmnY74l7GmlCUSu,CHIMICHE, 
b263a1eb-4777-45c3-8462-29009666a118,Dawn Hale,dawn.hale@gmail.com,$2a$10$Gs.PmaGJQtm0ThQF3VkX2u/VVqW8rHz1KpSFRiLmnY74l7GmlCUSu,MATEMATICA_FISICA, 
a7d00167-d7d1-4485-9330-9a651d81366d,Eric Collier,eric.collier@gmail.com,$2a$10$Gs.PmaGJQtm0ThQF3VkX2u/VVqW8rHz1KpSFRiLmnY74l7GmlCUSu,AGRICOLA, 
797590c4-33c3-48d8-b71d-47b5a2c793ab,Terri Mcdaniel,terri.mcdaniel@gmail.com,$2a$10$Gs.PmaGJQtm0ThQF3VkX2u/VVqW8rHz1KpSFRiLmnY74l7GmlCUSu,ECONOMICHE_STATISTICHE, 
6451a6a2-7b34-4d97-b0b0-b7e77350686f,Jonathan Ellis,jonathan.ellis@gmail.com,$2a$10$Gs.PmaGJQtm0ThQF3VkX2u/VVqW8rHz1KpSFRiLmnY74l7GmlCUSu,FARMACIA, 
eae2a2e9-c8d6-4e0d-b4cc-c3a02305700a,Jonathan Ortiz,jonathan.ortiz@gmail.com,$2a$10$Gs.PmaGJQtm0ThQF3VkX2u/VVqW8rHz1KpSFRiLmnY74l7GmlCUSu,GIURIDICHE, 
d1675a6a-dc2b-496c-b35c-4443ccf4ce61,Raymond Villarreal,raymond.villarreal@gmail.com,$2a$10$Gs.PmaGJQtm0ThQF3VkX2u/VVqW8rHz1KpSFRiLmnY74l7GmlCUSu,MOTORIE_UMANE_SOCIALI, 
8f686e66-d57a-4d05-a14b-9f6ef6f0311f,Ryan Barnes,ryan.barnes@gmail.com,$2a$10$Gs.PmaGJQtm0ThQF3VkX2u/VVqW8rHz1KpSFRiLmnY74l7GmlCUSu,INGEGNERIA_EDILE, 
a511dbe2-cc5f-47ae-b6a7-1b1019ece2ad,Michael Ford,michael.ford@gmail.com,$2a$10$Gs.PmaGJQtm0ThQF3VkX2u/VVqW8rHz1KpSFRiLmnY74l7GmlCUSu,INGEGNERIA_EDILE, 
7f2cf3c0-cc57-4da2-b656-0b78c2370f7b,Elizabeth Green,elizabeth.green@gmail.com,$2a$10$Gs.PmaGJQtm0ThQF3VkX2u/VVqW8rHz1KpSFRiLmnY74l7GmlCUSu,FORMAZIONE_BENICULTURALI, 
4d1f2dea-2a73-4077-90e8-1d34e3608ec4,Andrew Jenkins,andrew.jenkins@gmail.com,$2a$10$Gs.PmaGJQtm0ThQF3VkX2u/VVqW8rHz1KpSFRiLmnY74l7GmlCUSu,ARCHITETTURA, 
979a388f-b333-4996-a874-f7a32254ea07,William Wright,william.wright@gmail.com,$2a$10$Gs.PmaGJQtm0ThQF3VkX2u/VVqW8rHz1KpSFRiLmnY74l7GmlCUSu,SCUOLA_MEDICINA, 
2b16b563-54f3-4259-8ab1-12cf70211579,George Poole,george.poole@gmail.com,$2a$10$Gs.PmaGJQtm0ThQF3VkX2u/VVqW8rHz1KpSFRiLmnY74l7GmlCUSu,CHIMICHE, 
37b950c7-0c72-47ad-bdeb-fe7c10e1c5c9,Penny Wilkerson,penny.wilkerson@gmail.com,$2a$10$Gs.PmaGJQtm0ThQF3VkX2u/VVqW8rHz1KpSFRiLmnY74l7GmlCUSu,ECONOMICHE_STATISTICHE, 
403ae1f8-db27-4e2f-a162-997ba93c0f0a,Jason Simpson,jason.simpson@gmail.com,$2a$10$Gs.PmaGJQtm0ThQF3VkX2u/VVqW8rHz1KpSFRiLmnY74l7GmlCUSu,POLITICHE_SOCIALI, 
6955159d-7fce-41e3-aea6-c3ffa690180c,Tim Pena,tim.pena@gmail.com,$2a$10$Gs.PmaGJQtm0ThQF3VkX2u/VVqW8rHz1KpSFRiLmnY74l7GmlCUSu,INGEGNERIA_EDILE, 
30327671-1372-4c9a-9aa9-eb7f075047b8,Jessica Brown,jessica.brown@gmail.com,$2a$10$Gs.PmaGJQtm0ThQF3VkX2u/VVqW8rHz1KpSFRiLmnY74l7GmlCUSu,MATEMATICA_FISICA, 
ca65e05f-c6ed-471c-b1d7-7ac9f5540300,Katie Brown,katie.brown@gmail.com,$2a$10$Gs.PmaGJQtm0ThQF3VkX2u/VVqW8rHz1KpSFRiLmnY74l7GmlCUSu,LINGUAGGIO_BENICULTURALI, 
62eb66d1-6826-4c67-8231-28b85dbabe63,Kimberly Hall,kimberly.hall@gmail.com,$2a$10$Gs.PmaGJQtm0ThQF3VkX2u/VVqW8rHz1KpSFRiLmnY74l7GmlCUSu,INGEGNERIA_ELETTRICA, 
e7916e0f-a241-4ef8-a4f6-8351ac31de2f,Marie Higgins,marie.higgins@gmail.com,$2a$10$Gs.PmaGJQtm0ThQF3VkX2u/VVqW8rHz1KpSFRiLmnY74l7GmlCUSu,POLITICHE_SOCIALI, 
f0a998e2-7c45-4408-852b-d20903eb0dc4,Pamela Walton,pamela.walton@gmail.com,$2a$10$Gs.PmaGJQtm0ThQF3VkX2u/VVqW8rHz1KpSFRiLmnY74l7GmlCUSu,INGEGNERIA_EDILE, 
abf31ddb-e873-4a48-b016-5267dfa8f4a1,Lynn Perry,lynn.perry@gmail.com,$2a$10$Gs.PmaGJQtm0ThQF3VkX2u/VVqW8rHz1KpSFRiLmnY74l7GmlCUSu,FORMAZIONE_BENICULTURALI, 
a57fdb55-13fd-41cf-934a-338b800244c6,David Heath,david.heath@gmail.com,$2a$10$Gs.PmaGJQtm0ThQF3VkX2u/VVqW8rHz1KpSFRiLmnY74l7GmlCUSu,MEDICINA_CHIRURGIA_ODONTOIATRIA, 
756e7abf-4dcf-4c24-8887-74b5d29ccb5c,Brandon Perez,brandon.perez@gmail.com,$2a$10$Gs.PmaGJQtm0ThQF3VkX2u/VVqW8rHz1KpSFRiLmnY74l7GmlCUSu,INGEGNERIA_INDUSTRIALE, 
627fce51-9d00-47f6-a045-a29e04f4f516,Erica Rios,erica.rios@gmail.com,$2a$10$Gs.PmaGJQtm0ThQF3VkX2u/VVqW8rHz1KpSFRiLmnY74l7GmlCUSu,BIOMEDICHE, 
1ff7f707-7dc3-4f7c-a7bb-ec35bb18a375,Jennifer Turner,jennifer.turner@gmail.com,$2a$10$Gs.PmaGJQtm0ThQF3VkX2u/VVqW8rHz1KpSFRiLmnY74l7GmlCUSu,GIURIDICHE, 
91c4b081-e8d8-4640-8bc6-4e8abab27f20,Shawn Fitzpatrick,shawn.fitzpatrick@gmail.com,$2a$10$Gs.PmaGJQtm0ThQF3VkX2u/VVqW8rHz1KpSFRiLmnY74l7GmlCUSu,FARMACIA, 
bc85529d-0a04-43c5-97bd-e7998212f975,Paul Ortiz,paul.ortiz@gmail.com,$2a$10$Gs.PmaGJQtm0ThQF3VkX2u/VVqW8rHz1KpSFRiLmnY74l7GmlCUSu,BIOMEDICHE, 
0f05415a-9f04-4f97-8cfd-9cd81ffc8ad8,Dr. Debra Hernandez,dr..hernandez@gmail.com,$2a$10$Gs.PmaGJQtm0ThQF3VkX2u/VVqW8rHz1KpSFRiLmnY74l7GmlCUSu,MEDICINA_CHIRURGIA_ODONTOIATRIA, 
bc9d5f1c-68bb-4a9c-98fc-5c435a6885e3,Mr. Joshua Turner,mr..turner@gmail.com,$2a$10$Gs.PmaGJQtm0ThQF3VkX2u/VVqW8rHz1KpSFRiLmnY74l7GmlCUSu,FARMACIA, 
976fa9e7-f9fd-49cc-a49a-8723e03aef59,Jennifer Hendrix,jennifer.hendrix@gmail.com,$2a$10$Gs.PmaGJQtm0ThQF3VkX2u/VVqW8rHz1KpSFRiLmnY74l7GmlCUSu,CHIMICHE, 
e535ff84-cfd1-4748-be5a-fc550666824e,Mark Ruiz,mark.ruiz@gmail.com,$2a$10$Gs.PmaGJQtm0ThQF3VkX2u/VVqW8rHz1KpSFRiLmnY74l7GmlCUSu,AGRICOLA, 
ca9329a3-ce28-4e83-aa6f-79a9cd3b604b,Brian Richards,brian.richards@gmail.com,$2a$10$Gs.PmaGJQtm0ThQF3VkX2u/VVqW8rHz1KpSFRiLmnY74l7GmlCUSu,POLITICHE_SOCIALI, 
58946390-8075-4ddd-ad21-7318da2f393c,Anthony Olsen,anthony.olsen@gmail.com,$2a$10$Gs.PmaGJQtm0ThQF3VkX2u/VVqW8rHz1KpSFRiLmnY74l7GmlCUSu,FISICA, 
d464f722-7f27-451a-bd20-f854f1bdc4a6,Patrick Nelson,patrick.nelson@gmail.com,$2a$10$Gs.PmaGJQtm0ThQF3VkX2u/VVqW8rHz1KpSFRiLmnY74l7GmlCUSu,MEDICINA_CHIRURGIA_ODONTOIATRIA, 
2a2f8b10-99df-47b7-8a7d-24d97c634e1b,Nicholas Sweeney,nicholas.sweeney@gmail.com,$2a$10$Gs.PmaGJQtm0ThQF3VkX2u/VVqW8rHz1KpSFRiLmnY74l7GmlCUSu,GIURIDICHE, 
08e61815-58af-476f-81ea-c9049d3bf9e5,Rhonda Mendoza,rhonda.mendoza@gmail.com,$2a$10$Gs.PmaGJQtm0ThQF3VkX2u/VVqW8rHz1KpSFRiLmnY74l7GmlCUSu,SCUOLA_MEDICINA, 
7dad3c3b-3918-47a7-b994-901e98f5cd20,Julie Velasquez,julie.velasquez@gmail.com,$2a$10$Gs.PmaGJQtm0ThQF3VkX2u/VVqW8rHz1KpSFRiLmnY74l7GmlCUSu,FARMACIA, 
38f9c3c7-b952-416c-a9b0-9d4fcf1b3625,Larry Patel,larry.patel@gmail.com,$2a$10$Gs.PmaGJQtm0ThQF3VkX2u/VVqW8rHz1KpSFRiLmnY74l7GmlCUSu,ARCHITETTURA, 
ee292760-b390-41fb-aeb8-2e6cb42d24f4,Frank Jones,frank.jones@gmail.com,$2a$10$Gs.PmaGJQtm0ThQF3VkX2u/VVqW8rHz1KpSFRiLmnY74l7GmlCUSu,AGRICOLA, 
e1a30d7a-b964-45d6-a999-6126d5aa2e46,Darren Tran,darren.tran@gmail.com,$2a$10$Gs.PmaGJQtm0ThQF3VkX2u/VVqW8rHz1KpSFRiLmnY74l7GmlCUSu,SCUOLA_MEDICINA, 
4817a8a5-d0f6-4400-84bf-445111161cf5,Sabrina Johnson,sabrina.johnson@gmail.com,$2a$10$Gs.PmaGJQtm0ThQF3VkX2u/VVqW8rHz1KpSFRiLmnY74l7GmlCUSu,MOTORIE_UMANE_SOCIALI, 
b71049d9-baf2-4a8d-ba51-51dc7ccba2fa,Donald Thompson,donald.thompson@gmail.com,$2a$10$Gs.PmaGJQtm0ThQF3VkX2u/VVqW8rHz1KpSFRiLmnY74l7GmlCUSu,MOTORIE_UMANE_SOCIALI, 
49616850-e6cc-4cfa-991f-860634d58ede,Yvette Buchanan,yvette.buchanan@gmail.com,$2a$10$Gs.PmaGJQtm0ThQF3VkX2u/VVqW8rHz1KpSFRiLmnY74l7GmlCUSu,GIURIDICHE, 
b1ccaff6-8666-47b6-bdc5-f6f5067df69c,Cody Ramsey,cody.ramsey@gmail.com,$2a$10$Gs.PmaGJQtm0ThQF3VkX2u/VVqW8rHz1KpSFRiLmnY74l7GmlCUSu,FARMACIA, 
68c94bdc-33a0-4813-af00-033f4c11da51,Jason Harrison,jason.harrison@gmail.com,$2a$10$Gs.PmaGJQtm0ThQF3VkX2u/VVqW8rHz1KpSFRiLmnY74l7GmlCUSu,FISICA, 
32fa8724-1661-40cd-8a37-272c10b1d49f,Patricia Miranda,patricia.miranda@gmail.com,$2a$10$Gs.PmaGJQtm0ThQF3VkX2u/VVqW8rHz1KpSFRiLmnY74l7GmlCUSu,MATEMATICA_FISICA, 
c22ab285-09c0-412a-ba9b-985850a3e824,William Moore,william.moore@gmail.com,$2a$10$Gs.PmaGJQtm0ThQF3VkX2u/VVqW8rHz1KpSFRiLmnY74l7GmlCUSu,GIURIDICHE, 
79e4c795-53d6-4044-942e-1b51e6af0edb,Tammy Stanley,tammy.stanley@gmail.com,$2a$10$Gs.PmaGJQtm0ThQF3VkX2u/VVqW8rHz1KpSFRiLmnY74l7GmlCUSu,CHIMICHE, 
13272720-0b70-4228-85d2-ce1026a51da2,Eric Santos,eric.santos@gmail.com,$2a$10$Gs.PmaGJQtm0ThQF3VkX2u/VVqW8rHz1KpSFRiLmnY74l7GmlCUSu,INGEGNERIA_INDUSTRIALE, 
d9d3068f-4464-4702-ac1f-6f1423b4bff0,Michelle Barnes,michelle.barnes@gmail.com,$2a$10$Gs.PmaGJQtm0ThQF3VkX2u/VVqW8rHz1KpSFRiLmnY74l7GmlCUSu,INGEGNERIA_INDUSTRIALE, 
65aa01b2-c5ba-4c38-accf-6525f0d72f5b,Christopher Frank,christopher.frank@gmail.com,$2a$10$Gs.PmaGJQtm0ThQF3VkX2u/VVqW8rHz1KpSFRiLmnY74l7GmlCUSu,SCUOLA_MEDICINA, 
28670d95-44e0-467f-84af-e9895df439f0,Philip Wells,philip.wells@gmail.com,$2a$10$Gs.PmaGJQtm0ThQF3VkX2u/VVqW8rHz1KpSFRiLmnY74l7GmlCUSu,FORMAZIONE_BENICULTURALI, 
0ad40e8d-8c4c-493e-a0ab-faa8749bafa9,Samantha Davis,samantha.davis@gmail.com,$2a$10$Gs.PmaGJQtm0ThQF3VkX2u/VVqW8rHz1KpSFRiLmnY74l7GmlCUSu,FORMAZIONE_BENICULTURALI, 
99d89ac7-31c5-4b16-a742-f67cee1f2e03,Tammy Mcmahon,tammy.mcmahon@gmail.com,$2a$10$Gs.PmaGJQtm0ThQF3VkX2u/VVqW8rHz1KpSFRiLmnY74l7GmlCUSu,ARCHITETTURA, 
09a600ee-d40b-4c35-83cd-eef20a13fc70,Megan Robles,megan.robles@gmail.com,$2a$10$Gs.PmaGJQtm0ThQF3VkX2u/VVqW8rHz1KpSFRiLmnY74l7GmlCUSu,INGEGNERIA_ELETTRICA, 
bffa1cd2-5692-4c47-b0cb-72911d750161,Richard Ware,richard.ware@gmail.com,$2a$10$Gs.PmaGJQtm0ThQF3VkX2u/VVqW8rHz1KpSFRiLmnY74l7GmlCUSu,AGRICOLA, 
94eed7e5-320a-49dd-b873-7f03d543ce1d,Matthew Nelson,matthew.nelson@gmail.com,$2a$10$Gs.PmaGJQtm0ThQF3VkX2u/VVqW8rHz1KpSFRiLmnY74l7GmlCUSu,MATEMATICA_FISICA, 
587144da-1697-4293-a618-67b871c3b277,Matthew Reid,matthew.reid@gmail.com,$2a$10$Gs.PmaGJQtm0ThQF3VkX2u/VVqW8rHz1KpSFRiLmnY74l7GmlCUSu,POLITICHE_SOCIALI, 
d0dd7298-6a76-44de-bd3b-77a8ca665578,Richard Irwin,richard.irwin@gmail.com,$2a$10$Gs.PmaGJQtm0ThQF3VkX2u/VVqW8rHz1KpSFRiLmnY74l7GmlCUSu,BIOMEDICHE, 
dba4f098-8ea3-4135-8893-19a8c52ee42e,Monica Santos,monica.santos@gmail.com,$2a$10$Gs.PmaGJQtm0ThQF3VkX2u/VVqW8rHz1KpSFRiLmnY74l7GmlCUSu,FARMACIA, 
00fbac57-7e50-4861-9a57-1f5a43726b47,Penny Hicks,penny.hicks@gmail.com,$2a$10$Gs.PmaGJQtm0ThQF3VkX2u/VVqW8rHz1KpSFRiLmnY74l7GmlCUSu,BIOMEDICHE, 
ab74b139-9a94-464d-8144-b350cea73eb8,Diane Harrison,diane.harrison@gmail.com,$2a$10$Gs.PmaGJQtm0ThQF3VkX2u/VVqW8rHz1KpSFRiLmnY74l7GmlCUSu,CHIMICHE, 
bd78ead2-5d1b-4da0-bd11-015bffbbc0b8,Brandon Evans,brandon.evans@gmail.com,$2a$10$Gs.PmaGJQtm0ThQF3VkX2u/VVqW8rHz1KpSFRiLmnY74l7GmlCUSu,INGEGNERIA_EDILE, 
2e251bea-3c68-448b-92e2-4aec351649d7,Natalie Wilson,natalie.wilson@gmail.com,$2a$10$Gs.PmaGJQtm0ThQF3VkX2u/VVqW8rHz1KpSFRiLmnY74l7GmlCUSu,MATEMATICA_FISICA, 
6201b88f-f94f-4870-99bf-1105726f8dd2,Chase Craig,chase.craig@gmail.com,$2a$10$Gs.PmaGJQtm0ThQF3VkX2u/VVqW8rHz1KpSFRiLmnY74l7GmlCUSu,GIURIDICHE, 
e25e3138-d571-429c-8be2-58a1010dd557,Tamara Hobbs,tamara.hobbs@gmail.com,$2a$10$Gs.PmaGJQtm0ThQF3VkX2u/VVqW8rHz1KpSFRiLmnY74l7GmlCUSu,INGEGNERIA_INDUSTRIALE, 
d17a9cdf-12d3-453a-8480-e4c15f8fd833,Christina Perez,christina.perez@gmail.com,$2a$10$Gs.PmaGJQtm0ThQF3VkX2u/VVqW8rHz1KpSFRiLmnY74l7GmlCUSu,ARCHITETTURA, 
c2f7eb52-e3f5-4ec8-8d8c-cb9fe7479d1e,Eddie Rodriguez,eddie.rodriguez@gmail.com,$2a$10$Gs.PmaGJQtm0ThQF3VkX2u/VVqW8rHz1KpSFRiLmnY74l7GmlCUSu,BIOMEDICHE, 
54756841-6ca4-4fd5-980f-1179e9081077,Joseph Cox,joseph.cox@gmail.com,$2a$10$Gs.PmaGJQtm0ThQF3VkX2u/VVqW8rHz1KpSFRiLmnY74l7GmlCUSu,MOTORIE_UMANE_SOCIALI, 
39046c7f-9c6e-469a-86eb-d2ebbc8d6bb9,Michael Foster,michael.foster@gmail.com,$2a$10$Gs.PmaGJQtm0ThQF3VkX2u/VVqW8rHz1KpSFRiLmnY74l7GmlCUSu,MOTORIE_UMANE_SOCIALI, 
bdce52ae-1c61-4fcc-8efa-76e6e6694017,Lee Armstrong,lee.armstrong@gmail.com,$2a$10$Gs.PmaGJQtm0ThQF3VkX2u/VVqW8rHz1KpSFRiLmnY74l7GmlCUSu,INGEGNERIA_EDILE, 
bc3bee61-21a3-4810-bcab-29e291f5b281,Eric Rios,eric.rios@gmail.com,$2a$10$Gs.PmaGJQtm0ThQF3VkX2u/VVqW8rHz1KpSFRiLmnY74l7GmlCUSu,LINGUAGGIO_BENICULTURALI, 
60041b0c-de47-4b73-9a39-826a7bc6e6a6,David Morgan,david.morgan@gmail.com,$2a$10$Gs.PmaGJQtm0ThQF3VkX2u/VVqW8rHz1KpSFRiLmnY74l7GmlCUSu,POLITICHE_SOCIALI, 
4ac3fa04-2e58-4c3d-9532-6555e5deeaef,Megan Novak,megan.novak@gmail.com,$2a$10$Gs.PmaGJQtm0ThQF3VkX2u/VVqW8rHz1KpSFRiLmnY74l7GmlCUSu,AGRICOLA, 
95e6c050-8a34-43c6-bef7-70998ae42a3b,Benjamin Davis,benjamin.davis@gmail.com,$2a$10$Gs.PmaGJQtm0ThQF3VkX2u/VVqW8rHz1KpSFRiLmnY74l7GmlCUSu,INGEGNERIA_ELETTRICA, 
868d301d-405c-4675-b1d5-1bec4fcac15b,Valerie Wright,valerie.wright@gmail.com,$2a$10$Gs.PmaGJQtm0ThQF3VkX2u/VVqW8rHz1KpSFRiLmnY74l7GmlCUSu,FISICA, 
410a5bfc-649a-4f7a-9b66-cb2e88d4c312,Crystal Lopez,crystal.lopez@gmail.com,$2a$10$Gs.PmaGJQtm0ThQF3VkX2u/VVqW8rHz1KpSFRiLmnY74l7GmlCUSu,AGRICOLA, 
5cf17539-86e3-4e21-8b33-40224f00ea56,Kelsey Martin,kelsey.martin@gmail.com,$2a$10$Gs.PmaGJQtm0ThQF3VkX2u/VVqW8rHz1KpSFRiLmnY74l7GmlCUSu,CHIMICHE, 
29acbb7b-0412-45ba-9bfb-581fb5e799e7,Erin Brown,erin.brown@gmail.com,$2a$10$Gs.PmaGJQtm0ThQF3VkX2u/VVqW8rHz1KpSFRiLmnY74l7GmlCUSu,POLITICHE_SOCIALI, 
6075ec7e-d502-4c1f-a083-9c579700dc4f,Maria Moss,maria.moss@gmail.com,$2a$10$Gs.PmaGJQtm0ThQF3VkX2u/VVqW8rHz1KpSFRiLmnY74l7GmlCUSu,FORMAZIONE_BENICULTURALI, 
5201bb97-f391-44ad-9eed-988f9ded9e0a,Andrew Hammond,andrew.hammond@gmail.com,$2a$10$Gs.PmaGJQtm0ThQF3VkX2u/VVqW8rHz1KpSFRiLmnY74l7GmlCUSu,POLITICHE_SOCIALI, 
89475b0d-c291-41eb-91c1-b8605d050778,Robert Rodriguez,robert.rodriguez@gmail.com,$2a$10$Gs.PmaGJQtm0ThQF3VkX2u/VVqW8rHz1KpSFRiLmnY74l7GmlCUSu,ECONOMICHE_STATISTICHE, 
6671afb3-5068-4b3b-bf0d-8ed1feb3c041,David Johnson,david.johnson@gmail.com,$2a$10$Gs.PmaGJQtm0ThQF3VkX2u/VVqW8rHz1KpSFRiLmnY74l7GmlCUSu,BIOMEDICHE, 
74b415ab-8d42-4c3e-93ac-f49092996ba2,Willie Bryant,willie.bryant@gmail.com,$2a$10$Gs.PmaGJQtm0ThQF3VkX2u/VVqW8rHz1KpSFRiLmnY74l7GmlCUSu,LINGUAGGIO_BENICULTURALI, 
614f47db-b83f-40ae-8afa-d7971c67197f,Monica Smith DDS,monica.dds@gmail.com,$2a$10$Gs.PmaGJQtm0ThQF3VkX2u/VVqW8rHz1KpSFRiLmnY74l7GmlCUSu,MOTORIE_UMANE_SOCIALI, 
c1b258db-96f8-4ff2-8775-30e970f544bc,Cynthia Hogan,cynthia.hogan@gmail.com,$2a$10$Gs.PmaGJQtm0ThQF3VkX2u/VVqW8rHz1KpSFRiLmnY74l7GmlCUSu,MEDICINA_CHIRURGIA_ODONTOIATRIA, 
87562d56-eb3b-4e51-84aa-6a1238a594c6,Jeffrey Lee,jeffrey.lee@gmail.com,$2a$10$Gs.PmaGJQtm0ThQF3VkX2u/VVqW8rHz1KpSFRiLmnY74l7GmlCUSu,LINGUAGGIO_BENICULTURALI, 
d1817a8a-d798-41ac-80be-f6928aabfba0,Jacob Montgomery,jacob.montgomery@gmail.com,$2a$10$Gs.PmaGJQtm0ThQF3VkX2u/VVqW8rHz1KpSFRiLmnY74l7GmlCUSu,AGRICOLA, 
3ad6610c-7d2a-4169-af8d-bb28464a543c,Dr. Noah Stark,dr..stark@gmail.com,$2a$10$Gs.PmaGJQtm0ThQF3VkX2u/VVqW8rHz1KpSFRiLmnY74l7GmlCUSu,LINGUAGGIO_BENICULTURALI, 
dbe33712-2ad2-4159-9c37-331ef83cfc12,Andrew Bush,andrew.bush@gmail.com,$2a$10$Gs.PmaGJQtm0ThQF3VkX2u/VVqW8rHz1KpSFRiLmnY74l7GmlCUSu,LINGUAGGIO_BENICULTURALI, 
10b36c02-a31d-4bb4-acb5-d65ac71f7b3f,Amanda Pace,amanda.pace@gmail.com,$2a$10$Gs.PmaGJQtm0ThQF3VkX2u/VVqW8rHz1KpSFRiLmnY74l7GmlCUSu,MEDICINA_CHIRURGIA_ODONTOIATRIA, 
180bb759-13f3-47e4-aa75-153da1bed818,Charles Lopez,charles.lopez@gmail.com,$2a$10$Gs.PmaGJQtm0ThQF3VkX2u/VVqW8rHz1KpSFRiLmnY74l7GmlCUSu,LINGUAGGIO_BENICULTURALI, 
9af6256c-2005-402c-85fa-753934aca9a4,Olivia Ferguson,olivia.ferguson@gmail.com,$2a$10$Gs.PmaGJQtm0ThQF3VkX2u/VVqW8rHz1KpSFRiLmnY74l7GmlCUSu,CHIMICHE, 
46b0b920-2e0a-4103-b0d7-c4a79751b66a,Jaime Hunter,jaime.hunter@gmail.com,$2a$10$Gs.PmaGJQtm0ThQF3VkX2u/VVqW8rHz1KpSFRiLmnY74l7GmlCUSu,FISICA, 
de45fd7b-04be-45ff-bfa7-e1c6ad37382c,Alex Bishop,alex.bishop@gmail.com,$2a$10$Gs.PmaGJQtm0ThQF3VkX2u/VVqW8rHz1KpSFRiLmnY74l7GmlCUSu,INFORMATICA, 
40e51991-597b-4a7b-af00-a7c6efff3994,Brianna Williams,brianna.williams@gmail.com,$2a$10$Gs.PmaGJQtm0ThQF3VkX2u/VVqW8rHz1KpSFRiLmnY74l7GmlCUSu,SCUOLA_MEDICINA, 
a70962ba-1104-4141-ace9-57fc4154bf3d,Ronnie Meyer,ronnie.meyer@gmail.com,$2a$10$Gs.PmaGJQtm0ThQF3VkX2u/VVqW8rHz1KpSFRiLmnY74l7GmlCUSu,MEDICINA_CHIRURGIA_ODONTOIATRIA, 
28f981f5-255a-482f-b7f0-5af0ccb6a4f5,Craig Bryan,craig.bryan@gmail.com,$2a$10$Gs.PmaGJQtm0ThQF3VkX2u/VVqW8rHz1KpSFRiLmnY74l7GmlCUSu,INFORMATICA, 
bf23f6d0-1270-4a2b-8bd9-985452ba40de,Anthony Martinez,anthony.martinez@gmail.com,$2a$10$Gs.PmaGJQtm0ThQF3VkX2u/VVqW8rHz1KpSFRiLmnY74l7GmlCUSu,MATEMATICA_FISICA, 
860ea6eb-f25f-423e-924b-a67c1a493dfa,Linda Hess,linda.hess@gmail.com,$2a$10$Gs.PmaGJQtm0ThQF3VkX2u/VVqW8rHz1KpSFRiLmnY74l7GmlCUSu,LINGUAGGIO_BENICULTURALI, 
68e72ff9-c3bb-4b5b-948c-e9b3b81606ee,Kevin Stewart,kevin.stewart@gmail.com,$2a$10$Gs.PmaGJQtm0ThQF3VkX2u/VVqW8rHz1KpSFRiLmnY74l7GmlCUSu,SCUOLA_MEDICINA, 
dde066fc-e768-45c3-8421-b706df4a87aa,Nicholas Nelson,nicholas.nelson@gmail.com,$2a$10$Gs.PmaGJQtm0ThQF3VkX2u/VVqW8rHz1KpSFRiLmnY74l7GmlCUSu,INGEGNERIA_ELETTRICA, 
65dafea8-b8de-4b92-b45e-44e51d87428b,Leslie Reed,leslie.reed@gmail.com,$2a$10$Gs.PmaGJQtm0ThQF3VkX2u/VVqW8rHz1KpSFRiLmnY74l7GmlCUSu,FISICA, 
d907ff5b-19b2-4d76-87a2-9b15f5667335,Joseph Holloway,joseph.holloway@gmail.com,$2a$10$Gs.PmaGJQtm0ThQF3VkX2u/VVqW8rHz1KpSFRiLmnY74l7GmlCUSu,ECONOMICHE_STATISTICHE, 
70cef4fd-7789-4099-9982-c95dcf7c1068,Victoria Howell,victoria.howell@gmail.com,$2a$10$Gs.PmaGJQtm0ThQF3VkX2u/VVqW8rHz1KpSFRiLmnY74l7GmlCUSu,MOTORIE_UMANE_SOCIALI, 
7c408bb0-9d10-4a8d-81b6-0564ce2940e5,Brandon Underwood,brandon.underwood@gmail.com,$2a$10$Gs.PmaGJQtm0ThQF3VkX2u/VVqW8rHz1KpSFRiLmnY74l7GmlCUSu,MATEMATICA_FISICA, 
728b1ec5-003c-401e-8461-80f9476dd4ac,William Burnett,william.burnett@gmail.com,$2a$10$Gs.PmaGJQtm0ThQF3VkX2u/VVqW8rHz1KpSFRiLmnY74l7GmlCUSu,FISICA, 
1d2de557-e6cd-46a0-89e8-7ca7f4e3cf77,James Macdonald,james.macdonald@gmail.com,$2a$10$Gs.PmaGJQtm0ThQF3VkX2u/VVqW8rHz1KpSFRiLmnY74l7GmlCUSu,INGEGNERIA_INDUSTRIALE, 
e3c206be-0eb6-40cd-bd99-52a2d4b13b99,Christopher Burke,christopher.burke@gmail.com,$2a$10$Gs.PmaGJQtm0ThQF3VkX2u/VVqW8rHz1KpSFRiLmnY74l7GmlCUSu,INGEGNERIA_EDILE, 
465a0d69-c2c9-4d6b-8636-05691f21423d,Fred Haney,fred.haney@gmail.com,$2a$10$Gs.PmaGJQtm0ThQF3VkX2u/VVqW8rHz1KpSFRiLmnY74l7GmlCUSu,INGEGNERIA_ELETTRICA, 
8b5e07f8-f23e-43ba-b5f1-8fc08e785ce0,Brian Moreno,brian.moreno@gmail.com,$2a$10$Gs.PmaGJQtm0ThQF3VkX2u/VVqW8rHz1KpSFRiLmnY74l7GmlCUSu,MEDICINA_CHIRURGIA_ODONTOIATRIA, 
f470333f-1cc3-490d-9b9e-99f50d687e60,Joshua Vaughn,joshua.vaughn@gmail.com,$2a$10$Gs.PmaGJQtm0ThQF3VkX2u/VVqW8rHz1KpSFRiLmnY74l7GmlCUSu,MOTORIE_UMANE_SOCIALI, 
8cfbefb6-cfbb-4747-bbba-1ac082d6d537,Matthew Rodriguez,matthew.rodriguez@gmail.com,$2a$10$Gs.PmaGJQtm0ThQF3VkX2u/VVqW8rHz1KpSFRiLmnY74l7GmlCUSu,SCUOLA_MEDICINA, 
6fa6033f-14c9-4c4e-95f5-e9dc4f7ce7e8,Joe Green,joe.green@gmail.com,$2a$10$Gs.PmaGJQtm0ThQF3VkX2u/VVqW8rHz1KpSFRiLmnY74l7GmlCUSu,LINGUAGGIO_BENICULTURALI, 
9f919533-d93d-4f0f-ab82-00ba1475358d,Jennifer Gates,jennifer.gates@gmail.com,$2a$10$Gs.PmaGJQtm0ThQF3VkX2u/VVqW8rHz1KpSFRiLmnY74l7GmlCUSu,LINGUAGGIO_BENICULTURALI, 
2f1d2d51-34b8-48e7-bd94-787fb50d2c2f,Donald Baker,donald.baker@gmail.com,$2a$10$Gs.PmaGJQtm0ThQF3VkX2u/VVqW8rHz1KpSFRiLmnY74l7GmlCUSu,MOTORIE_UMANE_SOCIALI, 
afd2b9f7-7a29-4af1-bb0e-57a85f1be35d,Samuel Thomas,samuel.thomas@gmail.com,$2a$10$Gs.PmaGJQtm0ThQF3VkX2u/VVqW8rHz1KpSFRiLmnY74l7GmlCUSu,BIOMEDICHE, 
c8e19eb6-4dc5-4177-85f7-47ee65dfdd24,Brandon Hampton,brandon.hampton@gmail.com,$2a$10$Gs.PmaGJQtm0ThQF3VkX2u/VVqW8rHz1KpSFRiLmnY74l7GmlCUSu,INGEGNERIA_INDUSTRIALE, 
8fdcc9cf-7f0d-48fc-a879-a392743e9401,Samantha Jackson,samantha.jackson@gmail.com,$2a$10$Gs.PmaGJQtm0ThQF3VkX2u/VVqW8rHz1KpSFRiLmnY74l7GmlCUSu,FORMAZIONE_BENICULTURALI, 
6acf082d-b3d6-4e82-8114-af00bca06074,Troy Reid,troy.reid@gmail.com,$2a$10$Gs.PmaGJQtm0ThQF3VkX2u/VVqW8rHz1KpSFRiLmnY74l7GmlCUSu,BIOMEDICHE, 
f8ea4b51-173b-45ad-b7a8-5ff63efcbf77,Adam Palmer,adam.palmer@gmail.com,$2a$10$Gs.PmaGJQtm0ThQF3VkX2u/VVqW8rHz1KpSFRiLmnY74l7GmlCUSu,FISICA, 
da6d5845-4c1f-41fc-858c-00872926d1f0,Christopher Martinez,christopher.martinez@gmail.com,$2a$10$Gs.PmaGJQtm0ThQF3VkX2u/VVqW8rHz1KpSFRiLmnY74l7GmlCUSu,GIURIDICHE, 
ae3275c1-89f0-4466-8307-b5089ae65fa6,Denise Blair,denise.blair@gmail.com,$2a$10$Gs.PmaGJQtm0ThQF3VkX2u/VVqW8rHz1KpSFRiLmnY74l7GmlCUSu,MOTORIE_UMANE_SOCIALI, 
fcd570fb-52ff-45ad-b54c-214954672b74,Dr. Javier Weaver,dr..weaver@gmail.com,$2a$10$Gs.PmaGJQtm0ThQF3VkX2u/VVqW8rHz1KpSFRiLmnY74l7GmlCUSu,MEDICINA_CHIRURGIA_ODONTOIATRIA, 
76c323b6-51b0-4b73-8afb-407b5caae9c7,Zachary Smith,zachary.smith@gmail.com,$2a$10$Gs.PmaGJQtm0ThQF3VkX2u/VVqW8rHz1KpSFRiLmnY74l7GmlCUSu,INFORMATICA, 
b1ca196c-37c1-4d5b-afdc-7a7b70d461b5,Alexis Wolf,alexis.wolf@gmail.com,$2a$10$Gs.PmaGJQtm0ThQF3VkX2u/VVqW8rHz1KpSFRiLmnY74l7GmlCUSu,INGEGNERIA_INDUSTRIALE, 
a57ae6cd-3766-405d-b9b0-5287d28a6309,Gabriel Foster,gabriel.foster@gmail.com,$2a$10$Gs.PmaGJQtm0ThQF3VkX2u/VVqW8rHz1KpSFRiLmnY74l7GmlCUSu,MEDICINA_CHIRURGIA_ODONTOIATRIA, 
63666edd-7e63-4ada-a663-bc88a52ed20b,Angela Lewis,angela.lewis@gmail.com,$2a$10$Gs.PmaGJQtm0ThQF3VkX2u/VVqW8rHz1KpSFRiLmnY74l7GmlCUSu,BIOMEDICHE, 
1eeeea27-3e6f-491f-b950-b7c50f25c3ed,Wendy Harrell,wendy.harrell@gmail.com,$2a$10$Gs.PmaGJQtm0ThQF3VkX2u/VVqW8rHz1KpSFRiLmnY74l7GmlCUSu,INFORMATICA, 
5365454d-41ff-448b-bd83-97cedf84d027,Jennifer Smith,jennifer.smith@gmail.com,$2a$10$Gs.PmaGJQtm0ThQF3VkX2u/VVqW8rHz1KpSFRiLmnY74l7GmlCUSu,INGEGNERIA_INDUSTRIALE, 
6f51c01b-b0e2-4051-9ff5-a1a9e2b0998d,Gary Wilson,gary.wilson@gmail.com,$2a$10$Gs.PmaGJQtm0ThQF3VkX2u/VVqW8rHz1KpSFRiLmnY74l7GmlCUSu,GIURIDICHE, 
1bfab066-f691-455c-ae6a-5c8bd30586e4,Brittney Mclaughlin,brittney.mclaughlin@gmail.com,$2a$10$Gs.PmaGJQtm0ThQF3VkX2u/VVqW8rHz1KpSFRiLmnY74l7GmlCUSu,BIOMEDICHE, 
2cca2e27-4fe5-4915-bb16-595ba5ebe898,Darlene Jackson,darlene.jackson@gmail.com,$2a$10$Gs.PmaGJQtm0ThQF3VkX2u/VVqW8rHz1KpSFRiLmnY74l7GmlCUSu,LINGUAGGIO_BENICULTURALI, 
b12f2ebf-d0b5-4110-b1b0-7d56de0bfe70,Patrick Gallagher,patrick.gallagher@gmail.com,$2a$10$Gs.PmaGJQtm0ThQF3VkX2u/VVqW8rHz1KpSFRiLmnY74l7GmlCUSu,ARCHITETTURA, 
618103db-6e45-4c2b-8fa5-fd2417443c91,Richard Williams,richard.williams@gmail.com,$2a$10$Gs.PmaGJQtm0ThQF3VkX2u/VVqW8rHz1KpSFRiLmnY74l7GmlCUSu,POLITICHE_SOCIALI, 
1463605a-0d11-4d92-9d41-2017381bf17c,Melissa Miller,melissa.miller@gmail.com,$2a$10$Gs.PmaGJQtm0ThQF3VkX2u/VVqW8rHz1KpSFRiLmnY74l7GmlCUSu,POLITICHE_SOCIALI, 
adf45be0-235e-4dd5-8d17-10f604cc3188,Jacqueline Williamson,jacqueline.williamson@gmail.com,$2a$10$Gs.PmaGJQtm0ThQF3VkX2u/VVqW8rHz1KpSFRiLmnY74l7GmlCUSu,INFORMATICA, 
8c86cbf7-09bf-4944-a973-6f050f6fdbcc,Kenneth Henry,kenneth.henry@gmail.com,$2a$10$Gs.PmaGJQtm0ThQF3VkX2u/VVqW8rHz1KpSFRiLmnY74l7GmlCUSu,INGEGNERIA_ELETTRICA, 
f59c0517-e70a-457a-91ee-5c43ce508294,Jason Price,jason.price@gmail.com,$2a$10$Gs.PmaGJQtm0ThQF3VkX2u/VVqW8rHz1KpSFRiLmnY74l7GmlCUSu,FORMAZIONE_BENICULTURALI, 
540de93b-586f-4d23-aa05-f296c29bd7c2,Mr. Christopher Marshall,mr..marshall@gmail.com,$2a$10$Gs.PmaGJQtm0ThQF3VkX2u/VVqW8rHz1KpSFRiLmnY74l7GmlCUSu,MATEMATICA_FISICA, 
c9e568b1-6ac6-4499-a2fd-84d462512a2a,Francisco Morris DDS,francisco.dds@gmail.com,$2a$10$Gs.PmaGJQtm0ThQF3VkX2u/VVqW8rHz1KpSFRiLmnY74l7GmlCUSu,SCUOLA_MEDICINA, 
ec20ad02-8e4d-4264-b5cb-fec0295990d4,Gina Anderson,gina.anderson@gmail.com,$2a$10$Gs.PmaGJQtm0ThQF3VkX2u/VVqW8rHz1KpSFRiLmnY74l7GmlCUSu,INFORMATICA, 
959664e7-741d-4c8f-bc32-38e6fb4d2dee,Tony Kane,tony.kane@gmail.com,$2a$10$Gs.PmaGJQtm0ThQF3VkX2u/VVqW8rHz1KpSFRiLmnY74l7GmlCUSu,INFORMATICA, 
0749687a-28d3-4698-bcc0-8d6fe03e62a3,Tasha Jones,tasha.jones@gmail.com,$2a$10$Gs.PmaGJQtm0ThQF3VkX2u/VVqW8rHz1KpSFRiLmnY74l7GmlCUSu,AGRICOLA, 
9b9f5fea-673e-4a97-a17c-a4ddb848af25,Gregory Sanford,gregory.sanford@gmail.com,$2a$10$Gs.PmaGJQtm0ThQF3VkX2u/VVqW8rHz1KpSFRiLmnY74l7GmlCUSu,ECONOMICHE_STATISTICHE, 
d469d9e9-e0c6-4d17-b509-0b8245315add,Tracy Richardson,tracy.richardson@gmail.com,$2a$10$Gs.PmaGJQtm0ThQF3VkX2u/VVqW8rHz1KpSFRiLmnY74l7GmlCUSu,ECONOMICHE_STATISTICHE, 
1cffb3ff-9d10-4671-af3f-2c699ec7aabc,Kathryn Robinson,kathryn.robinson@gmail.com,$2a$10$Gs.PmaGJQtm0ThQF3VkX2u/VVqW8rHz1KpSFRiLmnY74l7GmlCUSu,INFORMATICA, 
6b1a89f8-20f2-4221-80b1-12edfa0e6cdc,Sherry Medina,sherry.medina@gmail.com,$2a$10$Gs.PmaGJQtm0ThQF3VkX2u/VVqW8rHz1KpSFRiLmnY74l7GmlCUSu,CHIMICHE, 
51ea62e3-382c-4755-993c-8d3cf11fac71,Richard Johnson,richard.johnson@gmail.com,$2a$10$Gs.PmaGJQtm0ThQF3VkX2u/VVqW8rHz1KpSFRiLmnY74l7GmlCUSu,FISICA, 
1a794bab-2332-45bd-a453-85e6a69b8dfd,Tony Raymond,tony.raymond@gmail.com,$2a$10$Gs.PmaGJQtm0ThQF3VkX2u/VVqW8rHz1KpSFRiLmnY74l7GmlCUSu,FARMACIA, 
2247ab9c-edfc-44a0-84f7-899f3f510967,Mario Ballard,mario.ballard@gmail.com,$2a$10$Gs.PmaGJQtm0ThQF3VkX2u/VVqW8rHz1KpSFRiLmnY74l7GmlCUSu,FARMACIA, 
66e24f85-7e69-4ba0-b5bf-24d5243eff1b,Mandy Mcdonald,mandy.mcdonald@gmail.com,$2a$10$Gs.PmaGJQtm0ThQF3VkX2u/VVqW8rHz1KpSFRiLmnY74l7GmlCUSu,INGEGNERIA_EDILE, 
401cbd61-8620-493f-b6aa-50b13766d845,Thomas Blair,thomas.blair@gmail.com,$2a$10$Gs.PmaGJQtm0ThQF3VkX2u/VVqW8rHz1KpSFRiLmnY74l7GmlCUSu,MOTORIE_UMANE_SOCIALI, 
47fefcca-9962-4e16-8aa5-4d1860782c1d,Angel Stewart,angel.stewart@gmail.com,$2a$10$Gs.PmaGJQtm0ThQF3VkX2u/VVqW8rHz1KpSFRiLmnY74l7GmlCUSu,FORMAZIONE_BENICULTURALI, 
bf2563b2-ca07-4332-acff-f0938e6575cc,Jordan Smith,jordan.smith@gmail.com,$2a$10$Gs.PmaGJQtm0ThQF3VkX2u/VVqW8rHz1KpSFRiLmnY74l7GmlCUSu,INGEGNERIA_ELETTRICA, 
36cc2231-b82d-4864-a283-9addb510f574,Adrian Garcia,adrian.garcia@gmail.com,$2a$10$Gs.PmaGJQtm0ThQF3VkX2u/VVqW8rHz1KpSFRiLmnY74l7GmlCUSu,FORMAZIONE_BENICULTURALI, 
3a3d4cb8-7c21-406d-9272-f61ff7f12953,James Pitts,james.pitts@gmail.com,$2a$10$Gs.PmaGJQtm0ThQF3VkX2u/VVqW8rHz1KpSFRiLmnY74l7GmlCUSu,MEDICINA_CHIRURGIA_ODONTOIATRIA, 
5deb001e-1838-4bef-9351-01105df5d846,James Miller,james.miller@gmail.com,$2a$10$Gs.PmaGJQtm0ThQF3VkX2u/VVqW8rHz1KpSFRiLmnY74l7GmlCUSu,SCUOLA_MEDICINA, 
7ceac5fb-54ce-4e2c-816a-002e2327d870,Courtney Joseph,courtney.joseph@gmail.com,$2a$10$Gs.PmaGJQtm0ThQF3VkX2u/VVqW8rHz1KpSFRiLmnY74l7GmlCUSu,MEDICINA_CHIRURGIA_ODONTOIATRIA, 
2eff52a8-3503-4766-8f31-c138fe9041bf,David Stein,david.stein@gmail.com,$2a$10$Gs.PmaGJQtm0ThQF3VkX2u/VVqW8rHz1KpSFRiLmnY74l7GmlCUSu,MEDICINA_CHIRURGIA_ODONTOIATRIA, 
da174574-0fdd-4b87-9e75-de70ec942528,Sherri Maxwell,sherri.maxwell@gmail.com,$2a$10$Gs.PmaGJQtm0ThQF3VkX2u/VVqW8rHz1KpSFRiLmnY74l7GmlCUSu,CHIMICHE, 
61ff0330-64a1-4da8-8d6c-dee2881c6a15,Felicia Brown,felicia.brown@gmail.com,$2a$10$Gs.PmaGJQtm0ThQF3VkX2u/VVqW8rHz1KpSFRiLmnY74l7GmlCUSu,FORMAZIONE_BENICULTURALI, 
07c8960b-11fd-4d3e-a5d2-75479f9367b3,Donald Adkins,donald.adkins@gmail.com,$2a$10$Gs.PmaGJQtm0ThQF3VkX2u/VVqW8rHz1KpSFRiLmnY74l7GmlCUSu,BIOMEDICHE, 
9cc3aca5-7a2f-41cd-84db-420e34f0e639,Sarah Russell,sarah.russell@gmail.com,$2a$10$Gs.PmaGJQtm0ThQF3VkX2u/VVqW8rHz1KpSFRiLmnY74l7GmlCUSu,BIOMEDICHE, 
fb82b886-c8cc-4fb5-bce0-729e76a2150e,Melissa Simon,melissa.simon@gmail.com,$2a$10$Gs.PmaGJQtm0ThQF3VkX2u/VVqW8rHz1KpSFRiLmnY74l7GmlCUSu,GIURIDICHE, 
827976cc-a740-4c08-bd71-e4000c3b863c,Miguel Mcgee,miguel.mcgee@gmail.com,$2a$10$Gs.PmaGJQtm0ThQF3VkX2u/VVqW8rHz1KpSFRiLmnY74l7GmlCUSu,FARMACIA, 
28276498-cc54-4043-b060-ea82783b3ac0,Laura Johnson,laura.johnson@gmail.com,$2a$10$Gs.PmaGJQtm0ThQF3VkX2u/VVqW8rHz1KpSFRiLmnY74l7GmlCUSu,LINGUAGGIO_BENICULTURALI, 
bcb947d8-d485-45f7-ab05-caa6bd45adcd,Michael Evans,michael.evans@gmail.com,$2a$10$Gs.PmaGJQtm0ThQF3VkX2u/VVqW8rHz1KpSFRiLmnY74l7GmlCUSu,INGEGNERIA_INDUSTRIALE, 
24818c67-aefd-42f8-b4b4-b1e25a0fabe4,Marvin Dixon,marvin.dixon@gmail.com,$2a$10$Gs.PmaGJQtm0ThQF3VkX2u/VVqW8rHz1KpSFRiLmnY74l7GmlCUSu,MEDICINA_CHIRURGIA_ODONTOIATRIA, 
1fe191f4-c8bb-443b-be69-11336ed952c7,Wendy Melendez,wendy.melendez@gmail.com,$2a$10$Gs.PmaGJQtm0ThQF3VkX2u/VVqW8rHz1KpSFRiLmnY74l7GmlCUSu,FISICA, 
6125b625-a84c-446a-a842-dcc27f93b269,Blake Vargas,blake.vargas@gmail.com,$2a$10$Gs.PmaGJQtm0ThQF3VkX2u/VVqW8rHz1KpSFRiLmnY74l7GmlCUSu,CHIMICHE, 
48e6f466-4d8e-45a5-b8a1-548439917268,Chelsea Montoya,chelsea.montoya@gmail.com,$2a$10$Gs.PmaGJQtm0ThQF3VkX2u/VVqW8rHz1KpSFRiLmnY74l7GmlCUSu,LINGUAGGIO_BENICULTURALI, 
f3cd3f7a-1520-407a-b5b1-b995b4f7e46e,John Chen,john.chen@gmail.com,$2a$10$Gs.PmaGJQtm0ThQF3VkX2u/VVqW8rHz1KpSFRiLmnY74l7GmlCUSu,INGEGNERIA_EDILE, 
3749393e-f3c0-4429-ba23-1eb838ce2663,Zachary Chavez,zachary.chavez@gmail.com,$2a$10$Gs.PmaGJQtm0ThQF3VkX2u/VVqW8rHz1KpSFRiLmnY74l7GmlCUSu,POLITICHE_SOCIALI, 
61150d92-4151-4052-b2f4-c4dafe8e828a,Jon Moore,jon.moore@gmail.com,$2a$10$Gs.PmaGJQtm0ThQF3VkX2u/VVqW8rHz1KpSFRiLmnY74l7GmlCUSu,MATEMATICA_FISICA, 
9f25491a-bd3a-4e98-bc8c-422e7af2d94c,Gregory Hall,gregory.hall@gmail.com,$2a$10$Gs.PmaGJQtm0ThQF3VkX2u/VVqW8rHz1KpSFRiLmnY74l7GmlCUSu,FISICA, 
58160ce7-fbec-412b-b1a8-6a4fcd061d05,Christopher Pineda,christopher.pineda@gmail.com,$2a$10$Gs.PmaGJQtm0ThQF3VkX2u/VVqW8rHz1KpSFRiLmnY74l7GmlCUSu,GIURIDICHE, 
8a7984c1-e46e-4405-842b-850846a7bc04,Matthew Benjamin,matthew.benjamin@gmail.com,$2a$10$Gs.PmaGJQtm0ThQF3VkX2u/VVqW8rHz1KpSFRiLmnY74l7GmlCUSu,ARCHITETTURA, 
d9f346b3-567c-412d-a548-6cdde2a5448b,Cynthia Smith,cynthia.smith@gmail.com,$2a$10$Gs.PmaGJQtm0ThQF3VkX2u/VVqW8rHz1KpSFRiLmnY74l7GmlCUSu,POLITICHE_SOCIALI, 
f26d64b1-21d2-4c76-99cb-3aba50032e43,John Smith,john.smith@gmail.com,$2a$10$Gs.PmaGJQtm0ThQF3VkX2u/VVqW8rHz1KpSFRiLmnY74l7GmlCUSu,LINGUAGGIO_BENICULTURALI, 
068bc3d8-d2de-4c82-a319-0d70e61f1eed,Christine Maynard,christine.maynard@gmail.com,$2a$10$Gs.PmaGJQtm0ThQF3VkX2u/VVqW8rHz1KpSFRiLmnY74l7GmlCUSu,ARCHITETTURA, 
4bcdf38f-2bf2-43ca-868b-7c93f21e725e,Lori Smith,lori.smith@gmail.com,$2a$10$Gs.PmaGJQtm0ThQF3VkX2u/VVqW8rHz1KpSFRiLmnY74l7GmlCUSu,INGEGNERIA_ELETTRICA, 
879609e9-5a82-44b9-9c55-5201ad26b36b,Emily Diaz,emily.diaz@gmail.com,$2a$10$Gs.PmaGJQtm0ThQF3VkX2u/VVqW8rHz1KpSFRiLmnY74l7GmlCUSu,INFORMATICA, 
80d37cb7-1c3f-43e5-aa95-677de5cfdd69,Joshua Davis,joshua.davis@gmail.com,$2a$10$Gs.PmaGJQtm0ThQF3VkX2u/VVqW8rHz1KpSFRiLmnY74l7GmlCUSu,FORMAZIONE_BENICULTURALI, 
4fe5f43c-65ce-48d8-b2ab-bb391dc91efc,Robert Barnett,robert.barnett@gmail.com,$2a$10$Gs.PmaGJQtm0ThQF3VkX2u/VVqW8rHz1KpSFRiLmnY74l7GmlCUSu,POLITICHE_SOCIALI, 
98d2eb01-545d-482c-8540-bf2820d9cecc,Joshua Carpenter,joshua.carpenter@gmail.com,$2a$10$Gs.PmaGJQtm0ThQF3VkX2u/VVqW8rHz1KpSFRiLmnY74l7GmlCUSu,POLITICHE_SOCIALI, 
c87a1e1d-dc21-41f1-8920-28b46c1c9ce4,Cindy York,cindy.york@gmail.com,$2a$10$Gs.PmaGJQtm0ThQF3VkX2u/VVqW8rHz1KpSFRiLmnY74l7GmlCUSu,CHIMICHE, 
ce5958b1-b87a-4d29-b17b-1039aa793701,Kyle Williams,kyle.williams@gmail.com,$2a$10$Gs.PmaGJQtm0ThQF3VkX2u/VVqW8rHz1KpSFRiLmnY74l7GmlCUSu,INGEGNERIA_INDUSTRIALE, 
c389207f-c47e-43b9-956c-745ce23b57f7,Dustin Howard,dustin.howard@gmail.com,$2a$10$Gs.PmaGJQtm0ThQF3VkX2u/VVqW8rHz1KpSFRiLmnY74l7GmlCUSu,SCUOLA_MEDICINA, 
03185d67-3b9e-4c7a-a136-50767f7f8cb3,Matthew Rodriguez,matthew.rodriguez@gmail.com,$2a$10$Gs.PmaGJQtm0ThQF3VkX2u/VVqW8rHz1KpSFRiLmnY74l7GmlCUSu,CHIMICHE, 
525f7d3b-5a50-4228-b7ca-2a66ded37b43,Mary Vasquez,mary.vasquez@gmail.com,$2a$10$Gs.PmaGJQtm0ThQF3VkX2u/VVqW8rHz1KpSFRiLmnY74l7GmlCUSu,INGEGNERIA_EDILE, 
0a74b3de-0979-4e4d-8211-91d0cebe0ee1,Madison Valdez,madison.valdez@gmail.com,$2a$10$Gs.PmaGJQtm0ThQF3VkX2u/VVqW8rHz1KpSFRiLmnY74l7GmlCUSu,ARCHITETTURA, 
ede995a7-46f1-4d35-b83d-b96d70524bf7,Juan Galvan,juan.galvan@gmail.com,$2a$10$Gs.PmaGJQtm0ThQF3VkX2u/VVqW8rHz1KpSFRiLmnY74l7GmlCUSu,BIOMEDICHE, 
7b641173-7750-4ee3-92be-ceb016aa074f,Patricia Oliver,patricia.oliver@gmail.com,$2a$10$Gs.PmaGJQtm0ThQF3VkX2u/VVqW8rHz1KpSFRiLmnY74l7GmlCUSu,MATEMATICA_FISICA, 
71a47a31-a322-4ba2-9d51-24cb084a52ac,Pamela Taylor,pamela.taylor@gmail.com,$2a$10$Gs.PmaGJQtm0ThQF3VkX2u/VVqW8rHz1KpSFRiLmnY74l7GmlCUSu,CHIMICHE, 
47b94fa0-6958-4aa2-a2f6-d42595ab5f02,Robert Sullivan,robert.sullivan@gmail.com,$2a$10$Gs.PmaGJQtm0ThQF3VkX2u/VVqW8rHz1KpSFRiLmnY74l7GmlCUSu,ECONOMICHE_STATISTICHE, 
cc20dce6-426c-4611-afec-d6b01f83192f,Samuel Thornton,samuel.thornton@gmail.com,$2a$10$Gs.PmaGJQtm0ThQF3VkX2u/VVqW8rHz1KpSFRiLmnY74l7GmlCUSu,MATEMATICA_FISICA, 
a6ff2894-2c27-49ca-9dfc-f49d9e439950,Jared Aguirre,jared.aguirre@gmail.com,$2a$10$Gs.PmaGJQtm0ThQF3VkX2u/VVqW8rHz1KpSFRiLmnY74l7GmlCUSu,ECONOMICHE_STATISTICHE, 
c09e3b07-6037-4edc-bce8-ba5d5d62f420,Nicole Fuentes,nicole.fuentes@gmail.com,$2a$10$Gs.PmaGJQtm0ThQF3VkX2u/VVqW8rHz1KpSFRiLmnY74l7GmlCUSu,AGRICOLA, 
82685f53-c9ff-41e3-8663-ff804c890550,Amber Hendrix,amber.hendrix@gmail.com,$2a$10$Gs.PmaGJQtm0ThQF3VkX2u/VVqW8rHz1KpSFRiLmnY74l7GmlCUSu,ECONOMICHE_STATISTICHE, 
4c597b41-1128-4e10-b5fd-6197d1b26097,Devin Mclean,devin.mclean@gmail.com,$2a$10$Gs.PmaGJQtm0ThQF3VkX2u/VVqW8rHz1KpSFRiLmnY74l7GmlCUSu,ECONOMICHE_STATISTICHE, 
67298279-de64-46a8-baf8-b68cc694f3d8,Elijah Serrano,elijah.serrano@gmail.com,$2a$10$Gs.PmaGJQtm0ThQF3VkX2u/VVqW8rHz1KpSFRiLmnY74l7GmlCUSu,CHIMICHE, 
9b8fa8b5-7fe8-4af3-943e-04d0439a7bdb,Robert Trujillo,robert.trujillo@gmail.com,$2a$10$Gs.PmaGJQtm0ThQF3VkX2u/VVqW8rHz1KpSFRiLmnY74l7GmlCUSu,AGRICOLA, 
43bf3309-a87c-463d-a96e-6844d639e440,Janice Hoover,janice.hoover@gmail.com,$2a$10$Gs.PmaGJQtm0ThQF3VkX2u/VVqW8rHz1KpSFRiLmnY74l7GmlCUSu,FISICA, 
fd2cc896-6fa3-4dbf-8a94-1b27215cfa43,Nicholas Hughes,nicholas.hughes@gmail.com,$2a$10$Gs.PmaGJQtm0ThQF3VkX2u/VVqW8rHz1KpSFRiLmnY74l7GmlCUSu,BIOMEDICHE, 
dcd6e53d-dc18-41e5-9635-34e04cd6870b,Toni Snow,toni.snow@gmail.com,$2a$10$Gs.PmaGJQtm0ThQF3VkX2u/VVqW8rHz1KpSFRiLmnY74l7GmlCUSu,MATEMATICA_FISICA, 
c7204d41-e7e0-4e4d-888b-abeceaed3343,Destiny Hughes,destiny.hughes@gmail.com,$2a$10$Gs.PmaGJQtm0ThQF3VkX2u/VVqW8rHz1KpSFRiLmnY74l7GmlCUSu,MOTORIE_UMANE_SOCIALI, 
25a56624-3bcd-4eb5-a576-e78ff965c496,Thomas Hernandez,thomas.hernandez@gmail.com,$2a$10$Gs.PmaGJQtm0ThQF3VkX2u/VVqW8rHz1KpSFRiLmnY74l7GmlCUSu,MOTORIE_UMANE_SOCIALI, 
317acacf-050c-4b19-b6da-3d2c4a9b4e37,Manuel Fisher,manuel.fisher@gmail.com,$2a$10$Gs.PmaGJQtm0ThQF3VkX2u/VVqW8rHz1KpSFRiLmnY74l7GmlCUSu,GIURIDICHE, 
2ccbe136-990f-4307-9648-aa213a354e21,Shawn Cox,shawn.cox@gmail.com,$2a$10$Gs.PmaGJQtm0ThQF3VkX2u/VVqW8rHz1KpSFRiLmnY74l7GmlCUSu,ECONOMICHE_STATISTICHE, 
6a1bcedd-4089-46bc-bbc2-a376f0e53fc9,Kevin Miller,kevin.miller@gmail.com,$2a$10$Gs.PmaGJQtm0ThQF3VkX2u/VVqW8rHz1KpSFRiLmnY74l7GmlCUSu,INGEGNERIA_EDILE, 
f25a2e60-28ee-4782-a848-22ef97ce1bd7,Travis Alexander,travis.alexander@gmail.com,$2a$10$Gs.PmaGJQtm0ThQF3VkX2u/VVqW8rHz1KpSFRiLmnY74l7GmlCUSu,MEDICINA_CHIRURGIA_ODONTOIATRIA, 
167a4a19-797a-4206-ae5e-1ef53c1c2d42,Julie Mcdonald,julie.mcdonald@gmail.com,$2a$10$Gs.PmaGJQtm0ThQF3VkX2u/VVqW8rHz1KpSFRiLmnY74l7GmlCUSu,MOTORIE_UMANE_SOCIALI, 
fb74313b-bdb2-4320-bdee-d85be40c1cef,Rebecca Evans,rebecca.evans@gmail.com,$2a$10$Gs.PmaGJQtm0ThQF3VkX2u/VVqW8rHz1KpSFRiLmnY74l7GmlCUSu,AGRICOLA, 
cc48c770-0569-4f17-857c-068e32bb6cd5,Melissa Kelly,melissa.kelly@gmail.com,$2a$10$Gs.PmaGJQtm0ThQF3VkX2u/VVqW8rHz1KpSFRiLmnY74l7GmlCUSu,INGEGNERIA_INDUSTRIALE, 
663584fa-f0ce-417b-b0d0-28be0f957073,David Nelson,david.nelson@gmail.com,$2a$10$Gs.PmaGJQtm0ThQF3VkX2u/VVqW8rHz1KpSFRiLmnY74l7GmlCUSu,SCUOLA_MEDICINA, 
36ff652b-8b26-4996-a34c-cb5928bf3087,Randall Harris,randall.harris@gmail.com,$2a$10$Gs.PmaGJQtm0ThQF3VkX2u/VVqW8rHz1KpSFRiLmnY74l7GmlCUSu,FORMAZIONE_BENICULTURALI, 
e2e5c4bd-2c67-4d6c-90a6-b16d13eb5d0e,Zachary Brown,zachary.brown@gmail.com,$2a$10$Gs.PmaGJQtm0ThQF3VkX2u/VVqW8rHz1KpSFRiLmnY74l7GmlCUSu,BIOMEDICHE, 
eebda7f9-a927-471f-9232-176e0fb53e66,Nicole Jennings,nicole.jennings@gmail.com,$2a$10$Gs.PmaGJQtm0ThQF3VkX2u/VVqW8rHz1KpSFRiLmnY74l7GmlCUSu,FARMACIA, 
42709352-d1ee-44bb-944f-1d849da1f997,David Juarez,david.juarez@gmail.com,$2a$10$Gs.PmaGJQtm0ThQF3VkX2u/VVqW8rHz1KpSFRiLmnY74l7GmlCUSu,FISICA, 
70c00da2-ae14-41f5-b5a0-fbef189f42be,Jennifer Hamilton,jennifer.hamilton@gmail.com,$2a$10$Gs.PmaGJQtm0ThQF3VkX2u/VVqW8rHz1KpSFRiLmnY74l7GmlCUSu,FISICA, 
4626de41-9322-464a-9097-a3968a054a68,Mrs. Jessica Wilkerson DDS,mrs..dds@gmail.com,$2a$10$Gs.PmaGJQtm0ThQF3VkX2u/VVqW8rHz1KpSFRiLmnY74l7GmlCUSu,MATEMATICA_FISICA, 
d4581868-b78c-469c-9c8f-49066df2cbd6,Amy Anderson,amy.anderson@gmail.com,$2a$10$Gs.PmaGJQtm0ThQF3VkX2u/VVqW8rHz1KpSFRiLmnY74l7GmlCUSu,FORMAZIONE_BENICULTURALI, 
0d8ace20-7271-41e5-bade-de33ff3420fd,Sharon Sullivan,sharon.sullivan@gmail.com,$2a$10$Gs.PmaGJQtm0ThQF3VkX2u/VVqW8rHz1KpSFRiLmnY74l7GmlCUSu,INGEGNERIA_INDUSTRIALE, 
30b8bb4f-a559-48f9-a168-76e3fc800bb4,Michael Wilcox,michael.wilcox@gmail.com,$2a$10$Gs.PmaGJQtm0ThQF3VkX2u/VVqW8rHz1KpSFRiLmnY74l7GmlCUSu,FARMACIA, 
8d20d7cb-cd67-460b-96f8-6bd5433a8eb1,Jeffrey Lloyd,jeffrey.lloyd@gmail.com,$2a$10$Gs.PmaGJQtm0ThQF3VkX2u/VVqW8rHz1KpSFRiLmnY74l7GmlCUSu,GIURIDICHE, 
c3d868d3-4f2d-4881-824c-868af7a610da,Suzanne Horn,suzanne.horn@gmail.com,$2a$10$Gs.PmaGJQtm0ThQF3VkX2u/VVqW8rHz1KpSFRiLmnY74l7GmlCUSu,SCUOLA_MEDICINA, 
d04aeebc-f15e-4fe1-b3b4-8b38849aa1e1,Lauren Rice,lauren.rice@gmail.com,$2a$10$Gs.PmaGJQtm0ThQF3VkX2u/VVqW8rHz1KpSFRiLmnY74l7GmlCUSu,FISICA, 
fae539a7-a553-4b87-ad2d-4acad3eaa07d,Kyle Long MD,kyle.md@gmail.com,$2a$10$Gs.PmaGJQtm0ThQF3VkX2u/VVqW8rHz1KpSFRiLmnY74l7GmlCUSu,GIURIDICHE, 
04a767a9-0894-469a-985e-d4547a5df25c,Amy Larson,amy.larson@gmail.com,$2a$10$Gs.PmaGJQtm0ThQF3VkX2u/VVqW8rHz1KpSFRiLmnY74l7GmlCUSu,MATEMATICA_FISICA, 
0876e17c-388e-474e-ac32-073a11a47468,Melanie Collier,melanie.collier@gmail.com,$2a$10$Gs.PmaGJQtm0ThQF3VkX2u/VVqW8rHz1KpSFRiLmnY74l7GmlCUSu,AGRICOLA, 
8b7b1d8b-4f79-4840-8d87-5c61d6e9fd52,Jessica Day,jessica.day@gmail.com,$2a$10$Gs.PmaGJQtm0ThQF3VkX2u/VVqW8rHz1KpSFRiLmnY74l7GmlCUSu,MEDICINA_CHIRURGIA_ODONTOIATRIA, 
4de0db10-adeb-4891-a2af-4faa3cce2469,Laura Coleman,laura.coleman@gmail.com,$2a$10$Gs.PmaGJQtm0ThQF3VkX2u/VVqW8rHz1KpSFRiLmnY74l7GmlCUSu,LINGUAGGIO_BENICULTURALI, 
1ee0ea9f-609d-4ec6-b2a9-dfd1d4e555f3,David Garcia,david.garcia@gmail.com,$2a$10$Gs.PmaGJQtm0ThQF3VkX2u/VVqW8rHz1KpSFRiLmnY74l7GmlCUSu,BIOMEDICHE, 
5bea0cbd-da1d-4020-9bc1-b0bc8382471c,Jennifer Smith,jennifer.smith@gmail.com,$2a$10$Gs.PmaGJQtm0ThQF3VkX2u/VVqW8rHz1KpSFRiLmnY74l7GmlCUSu,AGRICOLA, 
ada97500-0036-4eab-9bb3-6c0137f003cd,Timothy Allen,timothy.allen@gmail.com,$2a$10$Gs.PmaGJQtm0ThQF3VkX2u/VVqW8rHz1KpSFRiLmnY74l7GmlCUSu,ECONOMICHE_STATISTICHE, 
cd6f6ca5-aeb0-4a13-82b6-4b02792c7280,Patricia Hernandez,patricia.hernandez@gmail.com,$2a$10$Gs.PmaGJQtm0ThQF3VkX2u/VVqW8rHz1KpSFRiLmnY74l7GmlCUSu,BIOMEDICHE, 
3923c844-7ac6-423f-8434-9985bc1670e3,Kevin Ferguson,kevin.ferguson@gmail.com,$2a$10$Gs.PmaGJQtm0ThQF3VkX2u/VVqW8rHz1KpSFRiLmnY74l7GmlCUSu,BIOMEDICHE, 
3da3fcdc-c8e1-4236-806f-3035a71548f7,Joshua Carter,joshua.carter@gmail.com,$2a$10$Gs.PmaGJQtm0ThQF3VkX2u/VVqW8rHz1KpSFRiLmnY74l7GmlCUSu,FARMACIA, 
c79fed3d-926a-4e40-a4bb-6163ac9e4631,Jeanette Hunt,jeanette.hunt@gmail.com,$2a$10$Gs.PmaGJQtm0ThQF3VkX2u/VVqW8rHz1KpSFRiLmnY74l7GmlCUSu,FORMAZIONE_BENICULTURALI, 
be3b7013-7afd-4537-a0bc-e383ceee342c,Rebecca Morales,rebecca.morales@gmail.com,$2a$10$Gs.PmaGJQtm0ThQF3VkX2u/VVqW8rHz1KpSFRiLmnY74l7GmlCUSu,LINGUAGGIO_BENICULTURALI, 
d8012171-d34b-4271-bcc8-f3c641084890,Holly Johnson,holly.johnson@gmail.com,$2a$10$Gs.PmaGJQtm0ThQF3VkX2u/VVqW8rHz1KpSFRiLmnY74l7GmlCUSu,MOTORIE_UMANE_SOCIALI, 
fa2d9e0a-c2ee-4abf-a359-6ed7489ec0ef,Angela Nelson,angela.nelson@gmail.com,$2a$10$Gs.PmaGJQtm0ThQF3VkX2u/VVqW8rHz1KpSFRiLmnY74l7GmlCUSu,AGRICOLA, 
8c50ac7d-8b18-434a-b3d3-bd45c68694db,Christopher Walker,christopher.walker@gmail.com,$2a$10$Gs.PmaGJQtm0ThQF3VkX2u/VVqW8rHz1KpSFRiLmnY74l7GmlCUSu,INFORMATICA, 
50700537-55d6-4f6f-be45-7556f5b8bf4f,Kelly Christensen,kelly.christensen@gmail.com,$2a$10$Gs.PmaGJQtm0ThQF3VkX2u/VVqW8rHz1KpSFRiLmnY74l7GmlCUSu,FORMAZIONE_BENICULTURALI, 
3c82b611-1806-48a8-9e90-6ca66678b64c,Jessica Leonard,jessica.leonard@gmail.com,$2a$10$Gs.PmaGJQtm0ThQF3VkX2u/VVqW8rHz1KpSFRiLmnY74l7GmlCUSu,ECONOMICHE_STATISTICHE, 
c6617af3-459a-488d-8d47-da1a757c07f6,Mark Roberts,mark.roberts@gmail.com,$2a$10$Gs.PmaGJQtm0ThQF3VkX2u/VVqW8rHz1KpSFRiLmnY74l7GmlCUSu,MATEMATICA_FISICA, 
ec527e65-acf3-485a-bfe4-260e5ecfe2b3,Renee Gilmore,renee.gilmore@gmail.com,$2a$10$Gs.PmaGJQtm0ThQF3VkX2u/VVqW8rHz1KpSFRiLmnY74l7GmlCUSu,SCUOLA_MEDICINA, 
4a5975ad-95ff-4a7a-8080-5fa26e99c96c,Ruth Campbell,ruth.campbell@gmail.com,$2a$10$Gs.PmaGJQtm0ThQF3VkX2u/VVqW8rHz1KpSFRiLmnY74l7GmlCUSu,FORMAZIONE_BENICULTURALI, 
df251f1e-d439-46ee-b17d-b6bd6fc72bd2,Rachel Ramos,rachel.ramos@gmail.com,$2a$10$Gs.PmaGJQtm0ThQF3VkX2u/VVqW8rHz1KpSFRiLmnY74l7GmlCUSu,FISICA, 
e0b4b55e-34e0-4706-9e21-42efe22a9847,Eric Barry,eric.barry@gmail.com,$2a$10$Gs.PmaGJQtm0ThQF3VkX2u/VVqW8rHz1KpSFRiLmnY74l7GmlCUSu,INFORMATICA, 
16803753-bb62-4541-b7dd-852543cf49c9,Bruce Ball,bruce.ball@gmail.com,$2a$10$Gs.PmaGJQtm0ThQF3VkX2u/VVqW8rHz1KpSFRiLmnY74l7GmlCUSu,LINGUAGGIO_BENICULTURALI, 
c1bd8659-1187-4780-9914-518361b11848,Mr. Gregory Sullivan,mr..sullivan@gmail.com,$2a$10$Gs.PmaGJQtm0ThQF3VkX2u/VVqW8rHz1KpSFRiLmnY74l7GmlCUSu,ARCHITETTURA, 
bab88ae0-e429-4e7f-b934-d0f30ddd9f71,Cheryl Hart,cheryl.hart@gmail.com,$2a$10$Gs.PmaGJQtm0ThQF3VkX2u/VVqW8rHz1KpSFRiLmnY74l7GmlCUSu,ARCHITETTURA, 
d7ac2278-0a22-4920-86f1-a5c6dc774797,Lisa Davila,lisa.davila@gmail.com,$2a$10$Gs.PmaGJQtm0ThQF3VkX2u/VVqW8rHz1KpSFRiLmnY74l7GmlCUSu,FISICA, 
b5645dcf-955c-411a-85d5-41958cf6bc68,Kelly Warren,kelly.warren@gmail.com,$2a$10$Gs.PmaGJQtm0ThQF3VkX2u/VVqW8rHz1KpSFRiLmnY74l7GmlCUSu,MATEMATICA_FISICA, 
6bc7e3a8-7e99-4368-bdf0-381162d05939,Joshua Rhodes,joshua.rhodes@gmail.com,$2a$10$Gs.PmaGJQtm0ThQF3VkX2u/VVqW8rHz1KpSFRiLmnY74l7GmlCUSu,MOTORIE_UMANE_SOCIALI, 
aa44d828-2e50-4ced-a44f-3093af54a184,Mark Henry,mark.henry@gmail.com,$2a$10$Gs.PmaGJQtm0ThQF3VkX2u/VVqW8rHz1KpSFRiLmnY74l7GmlCUSu,LINGUAGGIO_BENICULTURALI, 
717c6293-6dea-4049-94b6-0d6058d2b5d2,Julia Flores,julia.flores@gmail.com,$2a$10$Gs.PmaGJQtm0ThQF3VkX2u/VVqW8rHz1KpSFRiLmnY74l7GmlCUSu,LINGUAGGIO_BENICULTURALI, 
a7c82d3f-697b-4f97-bdef-bde57283e0e1,Steve Walters,steve.walters@gmail.com,$2a$10$Gs.PmaGJQtm0ThQF3VkX2u/VVqW8rHz1KpSFRiLmnY74l7GmlCUSu,CHIMICHE, 
5d240dbd-d8c5-4303-a77c-220aba896248,Chad Ramos,chad.ramos@gmail.com,$2a$10$Gs.PmaGJQtm0ThQF3VkX2u/VVqW8rHz1KpSFRiLmnY74l7GmlCUSu,FARMACIA, 
6a709a5d-be40-4d4f-b9eb-398327858168,Wesley Brown,wesley.brown@gmail.com,$2a$10$Gs.PmaGJQtm0ThQF3VkX2u/VVqW8rHz1KpSFRiLmnY74l7GmlCUSu,FISICA, 
0436e885-81ac-4ece-b098-3d435c4dea29,Nicholas Lynch,nicholas.lynch@gmail.com,$2a$10$Gs.PmaGJQtm0ThQF3VkX2u/VVqW8rHz1KpSFRiLmnY74l7GmlCUSu,POLITICHE_SOCIALI, 
8b0992b1-5d17-4a69-8d69-1b1e44082650,Anne Owens,anne.owens@gmail.com,$2a$10$Gs.PmaGJQtm0ThQF3VkX2u/VVqW8rHz1KpSFRiLmnY74l7GmlCUSu,MATEMATICA_FISICA, 
9bbf7c42-d748-459d-a51b-d20808bd3677,Christopher Simpson,christopher.simpson@gmail.com,$2a$10$Gs.PmaGJQtm0ThQF3VkX2u/VVqW8rHz1KpSFRiLmnY74l7GmlCUSu,ARCHITETTURA, 
c14193b7-56be-46df-ba6c-34b52df94e59,Scott Stevenson,scott.stevenson@gmail.com,$2a$10$Gs.PmaGJQtm0ThQF3VkX2u/VVqW8rHz1KpSFRiLmnY74l7GmlCUSu,GIURIDICHE, 
4a6a8690-cdea-441a-843d-5298bc815d50,Justin Hughes,justin.hughes@gmail.com,$2a$10$Gs.PmaGJQtm0ThQF3VkX2u/VVqW8rHz1KpSFRiLmnY74l7GmlCUSu,FISICA, 
20d52c57-c846-4273-be02-c3941db4f20a,Steve Davis,steve.davis@gmail.com,$2a$10$Gs.PmaGJQtm0ThQF3VkX2u/VVqW8rHz1KpSFRiLmnY74l7GmlCUSu,MOTORIE_UMANE_SOCIALI, 
10ee0c97-2faa-4f00-add6-1f2bc0d9eea2,Keith Johnson,keith.johnson@gmail.com,$2a$10$Gs.PmaGJQtm0ThQF3VkX2u/VVqW8rHz1KpSFRiLmnY74l7GmlCUSu,AGRICOLA, 
d39c76f9-ce8b-4a6b-85c2-cf82bdc4aca4,Robert Welch,robert.welch@gmail.com,$2a$10$Gs.PmaGJQtm0ThQF3VkX2u/VVqW8rHz1KpSFRiLmnY74l7GmlCUSu,INFORMATICA, 
2d2255d5-af0a-4313-a108-1d49309f96ac,Miss Karen Hogan,miss.hogan@gmail.com,$2a$10$Gs.PmaGJQtm0ThQF3VkX2u/VVqW8rHz1KpSFRiLmnY74l7GmlCUSu,LINGUAGGIO_BENICULTURALI, 
425aa7f0-a3a3-4adc-85b7-a6c8a6ea7b2f,Brenda Torres,brenda.torres@gmail.com,$2a$10$Gs.PmaGJQtm0ThQF3VkX2u/VVqW8rHz1KpSFRiLmnY74l7GmlCUSu,BIOMEDICHE, 
4a2e2d28-890c-42d3-ac3c-57d5773648ad,Catherine Jefferson,catherine.jefferson@gmail.com,$2a$10$Gs.PmaGJQtm0ThQF3VkX2u/VVqW8rHz1KpSFRiLmnY74l7GmlCUSu,FARMACIA, 
83c8c856-ccea-44f7-a90e-0d8540a89007,Amanda Walker,amanda.walker@gmail.com,$2a$10$Gs.PmaGJQtm0ThQF3VkX2u/VVqW8rHz1KpSFRiLmnY74l7GmlCUSu,ARCHITETTURA, 
7bd3e28e-abc9-4316-8545-a659c8d4288f,Lauren Lamb,lauren.lamb@gmail.com,$2a$10$Gs.PmaGJQtm0ThQF3VkX2u/VVqW8rHz1KpSFRiLmnY74l7GmlCUSu,ECONOMICHE_STATISTICHE, 
7f2ef0da-6ba6-4e1a-ae55-3a169df0efd4,Sara Ramirez,sara.ramirez@gmail.com,$2a$10$Gs.PmaGJQtm0ThQF3VkX2u/VVqW8rHz1KpSFRiLmnY74l7GmlCUSu,INGEGNERIA_ELETTRICA, 
bc878cf7-11d5-404b-aaf7-caf3ad4e5eae,Jamie Dean,jamie.dean@gmail.com,$2a$10$Gs.PmaGJQtm0ThQF3VkX2u/VVqW8rHz1KpSFRiLmnY74l7GmlCUSu,FISICA, 
eadfac61-c4be-46e7-b4dc-1495ed54841b,Scott Thompson,scott.thompson@gmail.com,$2a$10$Gs.PmaGJQtm0ThQF3VkX2u/VVqW8rHz1KpSFRiLmnY74l7GmlCUSu,SCUOLA_MEDICINA, 
8558becd-51b4-4610-9c45-d852fe689f78,Michael Boyd,michael.boyd@gmail.com,$2a$10$Gs.PmaGJQtm0ThQF3VkX2u/VVqW8rHz1KpSFRiLmnY74l7GmlCUSu,FISICA, 
cbb02090-a22c-4309-b446-d8538960a670,Mrs. Pamela Sosa DVM,mrs..dvm@gmail.com,$2a$10$Gs.PmaGJQtm0ThQF3VkX2u/VVqW8rHz1KpSFRiLmnY74l7GmlCUSu,LINGUAGGIO_BENICULTURALI, 
dc5439b0-8f04-4b18-8e9e-24fd3367d5a0,John Payne,john.payne@gmail.com,$2a$10$Gs.PmaGJQtm0ThQF3VkX2u/VVqW8rHz1KpSFRiLmnY74l7GmlCUSu,MOTORIE_UMANE_SOCIALI, 
b5ee8167-4931-4d6c-8fea-ad1dc5d5a852,William Perez,william.perez@gmail.com,$2a$10$Gs.PmaGJQtm0ThQF3VkX2u/VVqW8rHz1KpSFRiLmnY74l7GmlCUSu,ARCHITETTURA, 
2e689ad6-03ed-4554-9e45-fe3bb824c513,Thomas Jefferson,thomas.jefferson@gmail.com,$2a$10$Gs.PmaGJQtm0ThQF3VkX2u/VVqW8rHz1KpSFRiLmnY74l7GmlCUSu,SCUOLA_MEDICINA, 
55cd9cf9-0d38-4e6a-9aa3-7190f57c0987,Austin Roberts,austin.roberts@gmail.com,$2a$10$Gs.PmaGJQtm0ThQF3VkX2u/VVqW8rHz1KpSFRiLmnY74l7GmlCUSu,POLITICHE_SOCIALI, 
5938ad01-3b10-4c20-a1d0-44b020946da2,George Brown,george.brown@gmail.com,$2a$10$Gs.PmaGJQtm0ThQF3VkX2u/VVqW8rHz1KpSFRiLmnY74l7GmlCUSu,INGEGNERIA_INDUSTRIALE, 
