ID,fullName,email,passwordHash,departementUnisa
c43b57cf-dba5-42c3-84e0-1e853047c361,Jennifer Morris,hurstjames@gmail.com,$2a$10$Gs.PmaGJQtm0ThQF3VkX2u/VVqW8rHz1KpSFRiLmnY74l7GmlCUSu,POLITICHE_SOCIALI
66424346-cf87-4fd1-99a1-38b065fc348c,Heather Roberts,nixonkristina@gmail.com,$2a$10$Gs.PmaGJQtm0ThQF3VkX2u/VVqW8rHz1KpSFRiLmnY74l7GmlCUSu,MEDICINA_CHIRURGIA_ODONTOIATRIA
93ffd08b-08d7-4998-ba10-ff86c542de44,Brandon Andrews,andreacook@gmail.com,$2a$10$Gs.PmaGJQtm0ThQF3VkX2u/VVqW8rHz1KpSFRiLmnY74l7GmlCUSu,INGEGNERIA_ELETTRICA
5afb31c5-e72c-4cda-8c2b-2259efb22b2c,Kimberly Wilson,jacobgibbs@gmail.com,$2a$10$Gs.PmaGJQtm0ThQF3VkX2u/VVqW8rHz1KpSFRiLmnY74l7GmlCUSu,GIURIDICHE
1b28b63b-af87-4f05-9cef-4096fe92215d,Maria Ross,kelly72@gmail.com,$2a$10$Gs.PmaGJQtm0ThQF3VkX2u/VVqW8rHz1KpSFRiLmnY74l7GmlCUSu,AGRICOLA
d7f3a575-e0ca-4454-99a5-affa09802e93,Olivia Walters,ambergardner@gmail.com,$2a$10$Gs.PmaGJQtm0ThQF3VkX2u/VVqW8rHz1KpSFRiLmnY74l7GmlCUSu,SCUOLA_MEDICINA
36d16194-4a00-4649-8ff0-7b30a2ce1910,Bryan Herrera,ashley40@gmail.com,$2a$10$Gs.PmaGJQtm0ThQF3VkX2u/VVqW8rHz1KpSFRiLmnY74l7GmlCUSu,CHIMICHE
b5f8c30e-e3fc-4b09-87e0-2f9ed7d55b90,Dawn Aguilar,charlesbuck@gmail.com,$2a$10$Gs.PmaGJQtm0ThQF3VkX2u/VVqW8rHz1KpSFRiLmnY74l7GmlCUSu,POLITICHE_SOCIALI
267812d0-145c-4c2e-a604-feb104abd997,Susan Crawford,keithpeters@gmail.com,$2a$10$Gs.PmaGJQtm0ThQF3VkX2u/VVqW8rHz1KpSFRiLmnY74l7GmlCUSu,INGEGNERIA_EDILE
6b26fc0d-603f-4675-99e6-33c62e8184bf,Jamie Leonard,markyates@gmail.com,$2a$10$Gs.PmaGJQtm0ThQF3VkX2u/VVqW8rHz1KpSFRiLmnY74l7GmlCUSu,FORMAZIONE_BENICULTURALI
64d08215-21fb-4d74-ab4d-51a3ea10df88,Emily Douglas,davisabigail@gmail.com,$2a$10$Gs.PmaGJQtm0ThQF3VkX2u/VVqW8rHz1KpSFRiLmnY74l7GmlCUSu,GIURIDICHE
0fbc110f-6d1b-4283-b859-c6f117c93acb,Danielle Stewart,ysmith@gmail.com,$2a$10$Gs.PmaGJQtm0ThQF3VkX2u/VVqW8rHz1KpSFRiLmnY74l7GmlCUSu,ECONOMICHE_STATISTICHE
21bb046b-9ec3-4049-9223-312979428d01,Michael White,godom@gmail.com,$2a$10$Gs.PmaGJQtm0ThQF3VkX2u/VVqW8rHz1KpSFRiLmnY74l7GmlCUSu,AGRICOLA
c00f60fe-362b-47d3-a1ad-0e7bccdfb67a,Ivan Ruiz,brownedward@gmail.com,$2a$10$Gs.PmaGJQtm0ThQF3VkX2u/VVqW8rHz1KpSFRiLmnY74l7GmlCUSu,MOTORIE_UMANE_SOCIALI
55658e6a-bffd-468c-88f1-d5caf7a3e689,Kim Lewis,kaufmanadam@gmail.com,$2a$10$Gs.PmaGJQtm0ThQF3VkX2u/VVqW8rHz1KpSFRiLmnY74l7GmlCUSu,INGEGNERIA_EDILE
533521a4-3816-46f4-b87c-f6aa4f0247b3,Joseph Alvarez,joyce18@gmail.com,$2a$10$Gs.PmaGJQtm0ThQF3VkX2u/VVqW8rHz1KpSFRiLmnY74l7GmlCUSu,CHIMICHE
9c383bdb-57cd-4ec9-9317-4e87f5182bd0,Richard Ortiz,nsmith@gmail.com,$2a$10$Gs.PmaGJQtm0ThQF3VkX2u/VVqW8rHz1KpSFRiLmnY74l7GmlCUSu,POLITICHE_SOCIALI
23165907-dbe6-4e6a-b4df-34b40670566a,James Chavez,edwardwilson@gmail.com,$2a$10$Gs.PmaGJQtm0ThQF3VkX2u/VVqW8rHz1KpSFRiLmnY74l7GmlCUSu,FISICA
5fc82f53-30cc-4cfc-a548-600cc14b4e89,Andrew Duran,rsmith@gmail.com,$2a$10$Gs.PmaGJQtm0ThQF3VkX2u/VVqW8rHz1KpSFRiLmnY74l7GmlCUSu,INGEGNERIA_EDILE
010b8b98-ae28-4882-a3f1-9c4e03d3edf4,Cassandra Barnes,michelleharris@gmail.com,$2a$10$Gs.PmaGJQtm0ThQF3VkX2u/VVqW8rHz1KpSFRiLmnY74l7GmlCUSu,MATEMATICA_FISICA
58170748-63e0-4d21-a57a-ce5c0e207a3e,Mike Sanders,vstewart@gmail.com,$2a$10$Gs.PmaGJQtm0ThQF3VkX2u/VVqW8rHz1KpSFRiLmnY74l7GmlCUSu,FISICA
3a365349-4562-4934-a300-1248d38be54b,Craig Wilson,thomasyang@gmail.com,$2a$10$Gs.PmaGJQtm0ThQF3VkX2u/VVqW8rHz1KpSFRiLmnY74l7GmlCUSu,BIOMEDICHE
7d8d5cc3-a365-4376-ac91-d21e81f4f39a,Justin Vasquez,diazsharon@gmail.com,$2a$10$Gs.PmaGJQtm0ThQF3VkX2u/VVqW8rHz1KpSFRiLmnY74l7GmlCUSu,ARCHITETTURA
c0ab0184-1fa4-4f2d-9cd5-0dcf2adba8c3,Doris Joyce,amythomas@gmail.com,$2a$10$Gs.PmaGJQtm0ThQF3VkX2u/VVqW8rHz1KpSFRiLmnY74l7GmlCUSu,MATEMATICA_FISICA
750bfb60-d6bf-448c-8fb1-2c066f84904c,Carmen Johnson,ngonzalez@gmail.com,$2a$10$Gs.PmaGJQtm0ThQF3VkX2u/VVqW8rHz1KpSFRiLmnY74l7GmlCUSu,FISICA
8774a19b-0a9c-466a-8a77-a6471f27c7a5,Anthony Gamble,charles29@gmail.com,$2a$10$Gs.PmaGJQtm0ThQF3VkX2u/VVqW8rHz1KpSFRiLmnY74l7GmlCUSu,FORMAZIONE_BENICULTURALI
4e3e21f7-66c0-4544-a7c9-e8f081968866,Mary Collins,candace97@gmail.com,$2a$10$Gs.PmaGJQtm0ThQF3VkX2u/VVqW8rHz1KpSFRiLmnY74l7GmlCUSu,BIOMEDICHE
fa8d2392-dc71-47d1-972e-98e11d1b25e9,Fernando Hodge,abigailberry@gmail.com,$2a$10$Gs.PmaGJQtm0ThQF3VkX2u/VVqW8rHz1KpSFRiLmnY74l7GmlCUSu,FISICA
12c756f1-0be7-4190-974a-d499714ed78f,Nicole Chambers,paul33@gmail.com,$2a$10$Gs.PmaGJQtm0ThQF3VkX2u/VVqW8rHz1KpSFRiLmnY74l7GmlCUSu,INFORMATICA
827f533d-869c-44b5-b8c1-5bd01d674950,Kimberly King,smithashley@gmail.com,$2a$10$Gs.PmaGJQtm0ThQF3VkX2u/VVqW8rHz1KpSFRiLmnY74l7GmlCUSu,FARMACIA
d699a46a-e297-4acf-b1d8-beca731860e3,Joshua Johnson,millerkristen@gmail.com,$2a$10$Gs.PmaGJQtm0ThQF3VkX2u/VVqW8rHz1KpSFRiLmnY74l7GmlCUSu,BIOMEDICHE
30b9923f-fcd9-4a3d-916c-b9164bebcdec,Andrew Kelly,donaldbarker@gmail.com,$2a$10$Gs.PmaGJQtm0ThQF3VkX2u/VVqW8rHz1KpSFRiLmnY74l7GmlCUSu,BIOMEDICHE
0162758c-1ce3-4c93-ad0b-48ce6177f3e9,Michael Moyer,millerdouglas@gmail.com,$2a$10$Gs.PmaGJQtm0ThQF3VkX2u/VVqW8rHz1KpSFRiLmnY74l7GmlCUSu,ECONOMICHE_STATISTICHE
1745c3ac-70e0-4a28-a035-1a195b8f5863,Chris Galloway,gwaller@gmail.com,$2a$10$Gs.PmaGJQtm0ThQF3VkX2u/VVqW8rHz1KpSFRiLmnY74l7GmlCUSu,FORMAZIONE_BENICULTURALI
ce59ca65-dfc7-4dbc-b439-d3472f1f6ed4,Lauren Thomas DVM,taylor71@gmail.com,$2a$10$Gs.PmaGJQtm0ThQF3VkX2u/VVqW8rHz1KpSFRiLmnY74l7GmlCUSu,GIURIDICHE
21147d5d-11c9-405b-aa5b-039ad4644a68,Denise Allen,joannemitchell@gmail.com,$2a$10$Gs.PmaGJQtm0ThQF3VkX2u/VVqW8rHz1KpSFRiLmnY74l7GmlCUSu,FISICA
e4c89b2e-01d8-4847-bb02-5f930cff5362,Mr. Thomas Weaver DDS,wendybradford@gmail.com,$2a$10$Gs.PmaGJQtm0ThQF3VkX2u/VVqW8rHz1KpSFRiLmnY74l7GmlCUSu,ECONOMICHE_STATISTICHE
2c1ae7c2-559a-4127-8432-a8cc8e25e6c1,Angela Vasquez,davisronald@gmail.com,$2a$10$Gs.PmaGJQtm0ThQF3VkX2u/VVqW8rHz1KpSFRiLmnY74l7GmlCUSu,POLITICHE_SOCIALI
5d370394-a49f-42e6-ba09-1ee8a3ae0de6,Alicia Rodriguez,traci15@gmail.com,$2a$10$Gs.PmaGJQtm0ThQF3VkX2u/VVqW8rHz1KpSFRiLmnY74l7GmlCUSu,INGEGNERIA_EDILE
9ee58a5e-ce36-4298-ab63-cee85e09aa86,Michael Reese,carlgarcia@gmail.com,$2a$10$Gs.PmaGJQtm0ThQF3VkX2u/VVqW8rHz1KpSFRiLmnY74l7GmlCUSu,ARCHITETTURA
bafb9600-be54-4d82-b8ce-432fd0ae8667,Andrew Saunders,matthew08@gmail.com,$2a$10$Gs.PmaGJQtm0ThQF3VkX2u/VVqW8rHz1KpSFRiLmnY74l7GmlCUSu,FISICA
8d1c6126-7b92-4679-9d2a-69277ef6201f,Tyler Ramos,zramsey@gmail.com,$2a$10$Gs.PmaGJQtm0ThQF3VkX2u/VVqW8rHz1KpSFRiLmnY74l7GmlCUSu,ECONOMICHE_STATISTICHE
f899bf82-5621-45f8-b042-d4d196c75faf,Nathan Perry,lingloria@gmail.com,$2a$10$Gs.PmaGJQtm0ThQF3VkX2u/VVqW8rHz1KpSFRiLmnY74l7GmlCUSu,ARCHITETTURA
b63d05be-398e-4b92-aeeb-0f36b5d958e1,Paul Garcia,avillegas@gmail.com,$2a$10$Gs.PmaGJQtm0ThQF3VkX2u/VVqW8rHz1KpSFRiLmnY74l7GmlCUSu,CHIMICHE
65b06322-32f6-4bfe-8933-cf3a06633ad8,Laurie Wu,baileyjohn@gmail.com,$2a$10$Gs.PmaGJQtm0ThQF3VkX2u/VVqW8rHz1KpSFRiLmnY74l7GmlCUSu,CHIMICHE
81841f7a-2142-4daa-bbb5-378bf8fb287a,Patricia Bowers,julianclark@gmail.com,$2a$10$Gs.PmaGJQtm0ThQF3VkX2u/VVqW8rHz1KpSFRiLmnY74l7GmlCUSu,ECONOMICHE_STATISTICHE
8b1b0775-02dc-4efd-b3b4-be66072d3efc,Peter Cisneros,chamberschristopher@gmail.com,$2a$10$Gs.PmaGJQtm0ThQF3VkX2u/VVqW8rHz1KpSFRiLmnY74l7GmlCUSu,LINGUAGGIO_BENICULTURALI
aad7432b-74a4-4d1f-a8b0-40fc5e600d0c,Daniel Reed,morrisoncrystal@gmail.com,$2a$10$Gs.PmaGJQtm0ThQF3VkX2u/VVqW8rHz1KpSFRiLmnY74l7GmlCUSu,INFORMATICA
e0500784-f447-44cf-95bc-a5dd8b6b7b82,Nicolas Taylor,mackthomas@gmail.com,$2a$10$Gs.PmaGJQtm0ThQF3VkX2u/VVqW8rHz1KpSFRiLmnY74l7GmlCUSu,FISICA
c85aac66-e12f-418f-a738-07b6d75f46d5,Stefanie Byrd,graychristina@gmail.com,$2a$10$Gs.PmaGJQtm0ThQF3VkX2u/VVqW8rHz1KpSFRiLmnY74l7GmlCUSu,ARCHITETTURA
04bf102a-58e8-4149-97d5-20f2fa049c96,Alexander Francis,carl74@gmail.com,$2a$10$Gs.PmaGJQtm0ThQF3VkX2u/VVqW8rHz1KpSFRiLmnY74l7GmlCUSu,GIURIDICHE
7920f368-98ff-4a92-a049-bd6903660b20,Jordan Schultz,monica96@gmail.com,$2a$10$Gs.PmaGJQtm0ThQF3VkX2u/VVqW8rHz1KpSFRiLmnY74l7GmlCUSu,BIOMEDICHE
0192f640-21a9-45de-bf65-39a494f44109,Sandra Reyes,xwolfe@gmail.com,$2a$10$Gs.PmaGJQtm0ThQF3VkX2u/VVqW8rHz1KpSFRiLmnY74l7GmlCUSu,INFORMATICA
2d25ecbb-8875-45a7-9306-927004e50de2,Robert Tyler,thomasdaniel@gmail.com,$2a$10$Gs.PmaGJQtm0ThQF3VkX2u/VVqW8rHz1KpSFRiLmnY74l7GmlCUSu,MEDICINA_CHIRURGIA_ODONTOIATRIA
617da975-3f81-4a4a-970c-5ab6ee15088e,John Marshall,joshuacantrell@gmail.com,$2a$10$Gs.PmaGJQtm0ThQF3VkX2u/VVqW8rHz1KpSFRiLmnY74l7GmlCUSu,AGRICOLA
fb0ce158-8e00-4bdb-8f52-13e23e5ea07b,Maria Pierce,kelsey79@gmail.com,$2a$10$Gs.PmaGJQtm0ThQF3VkX2u/VVqW8rHz1KpSFRiLmnY74l7GmlCUSu,ECONOMICHE_STATISTICHE
c47994c4-919b-45f6-a8c6-c5e244a2cae0,Laura Rivera,mollykelly@gmail.com,$2a$10$Gs.PmaGJQtm0ThQF3VkX2u/VVqW8rHz1KpSFRiLmnY74l7GmlCUSu,INGEGNERIA_ELETTRICA
16503242-0367-4c55-8a76-b7f120c297b7,Amanda Norman,amandarichardson@gmail.com,$2a$10$Gs.PmaGJQtm0ThQF3VkX2u/VVqW8rHz1KpSFRiLmnY74l7GmlCUSu,FORMAZIONE_BENICULTURALI
0d002b3f-8377-4f05-8926-9c7a96909101,Michelle Larson,kimberlyroy@gmail.com,$2a$10$Gs.PmaGJQtm0ThQF3VkX2u/VVqW8rHz1KpSFRiLmnY74l7GmlCUSu,FARMACIA
69098f6a-d8ed-43bc-b93d-6e5f546acdfa,Christine Watts,armstrongdanielle@gmail.com,$2a$10$Gs.PmaGJQtm0ThQF3VkX2u/VVqW8rHz1KpSFRiLmnY74l7GmlCUSu,FISICA
4402b062-db59-4b73-a0f3-48ab548d4950,Breanna Krueger,jennifer84@gmail.com,$2a$10$Gs.PmaGJQtm0ThQF3VkX2u/VVqW8rHz1KpSFRiLmnY74l7GmlCUSu,LINGUAGGIO_BENICULTURALI
dceba558-401a-400d-89b9-99d240779563,Dakota Steele,matthewsdavid@gmail.com,$2a$10$Gs.PmaGJQtm0ThQF3VkX2u/VVqW8rHz1KpSFRiLmnY74l7GmlCUSu,LINGUAGGIO_BENICULTURALI
44b3a995-ee34-4f12-9994-1b6ea6d12764,Bailey Castaneda,marytucker@gmail.com,$2a$10$Gs.PmaGJQtm0ThQF3VkX2u/VVqW8rHz1KpSFRiLmnY74l7GmlCUSu,INGEGNERIA_ELETTRICA
1ff04cf3-0304-4dfa-b0ac-16948f0fe8f3,Kelsey Avila,amandaramirez@gmail.com,$2a$10$Gs.PmaGJQtm0ThQF3VkX2u/VVqW8rHz1KpSFRiLmnY74l7GmlCUSu,BIOMEDICHE
4ef68e39-e28f-43c4-917d-b36b120edd67,David Black,jharris@gmail.com,$2a$10$Gs.PmaGJQtm0ThQF3VkX2u/VVqW8rHz1KpSFRiLmnY74l7GmlCUSu,CHIMICHE
a0bf5ae8-4fd8-485a-8feb-55dbd7cf93e5,Albert Smith,griffinjennifer@gmail.com,$2a$10$Gs.PmaGJQtm0ThQF3VkX2u/VVqW8rHz1KpSFRiLmnY74l7GmlCUSu,LINGUAGGIO_BENICULTURALI
04641cb5-b4c7-42b7-9f18-6f37a24fd75e,Alexandria Cooper,joshua68@gmail.com,$2a$10$Gs.PmaGJQtm0ThQF3VkX2u/VVqW8rHz1KpSFRiLmnY74l7GmlCUSu,MEDICINA_CHIRURGIA_ODONTOIATRIA
3121f5f4-7940-493d-a1fc-99f1ee81dfb0,Kyle Johnson,cindyserrano@gmail.com,$2a$10$Gs.PmaGJQtm0ThQF3VkX2u/VVqW8rHz1KpSFRiLmnY74l7GmlCUSu,INGEGNERIA_INDUSTRIALE
8c10fb6e-1a32-4535-a62c-4e222e748ed9,Kelly Hamilton,mollyweeks@gmail.com,$2a$10$Gs.PmaGJQtm0ThQF3VkX2u/VVqW8rHz1KpSFRiLmnY74l7GmlCUSu,INGEGNERIA_EDILE
f86c9b8c-e51c-4839-8509-13d9e00306f1,Jennifer Hernandez,matthewcruz@gmail.com,$2a$10$Gs.PmaGJQtm0ThQF3VkX2u/VVqW8rHz1KpSFRiLmnY74l7GmlCUSu,FORMAZIONE_BENICULTURALI
04f2013a-68d0-4597-8a11-9e1580da9f6f,Olivia Perez,nicolas15@gmail.com,$2a$10$Gs.PmaGJQtm0ThQF3VkX2u/VVqW8rHz1KpSFRiLmnY74l7GmlCUSu,FORMAZIONE_BENICULTURALI
8e5a8b9a-fd7e-4860-9498-d04bb93e6340,Roger Diaz,harristheresa@gmail.com,$2a$10$Gs.PmaGJQtm0ThQF3VkX2u/VVqW8rHz1KpSFRiLmnY74l7GmlCUSu,POLITICHE_SOCIALI
8e1b2977-26c3-4fe9-a8b2-ed30bc15a607,Michael Martin,alyssa25@gmail.com,$2a$10$Gs.PmaGJQtm0ThQF3VkX2u/VVqW8rHz1KpSFRiLmnY74l7GmlCUSu,MOTORIE_UMANE_SOCIALI
f67eaed0-8621-4fa2-a7c6-f6a7c546f4d4,Robert Ferrell,nicholas77@gmail.com,$2a$10$Gs.PmaGJQtm0ThQF3VkX2u/VVqW8rHz1KpSFRiLmnY74l7GmlCUSu,FARMACIA
84a3161a-b31e-437b-9f59-71ae8589e30a,Jennifer Perry,fmitchell@gmail.com,$2a$10$Gs.PmaGJQtm0ThQF3VkX2u/VVqW8rHz1KpSFRiLmnY74l7GmlCUSu,POLITICHE_SOCIALI
7a8c242d-7da6-4c7d-a61b-032a188d89e3,Thomas Lopez,dianevillanueva@gmail.com,$2a$10$Gs.PmaGJQtm0ThQF3VkX2u/VVqW8rHz1KpSFRiLmnY74l7GmlCUSu,LINGUAGGIO_BENICULTURALI
471213c5-dab9-467b-af25-dfacf8d171ac,Abigail Whitaker,faguirre@gmail.com,$2a$10$Gs.PmaGJQtm0ThQF3VkX2u/VVqW8rHz1KpSFRiLmnY74l7GmlCUSu,SCUOLA_MEDICINA
0d74ec83-ae6b-4f50-98b7-dc0cc61fcad7,Christopher Mueller,mbeard@gmail.com,$2a$10$Gs.PmaGJQtm0ThQF3VkX2u/VVqW8rHz1KpSFRiLmnY74l7GmlCUSu,INGEGNERIA_INDUSTRIALE
e68a5af0-676e-48a8-9f24-3b5ad3eabdce,Robert Roth,jenniferfox@gmail.com,$2a$10$Gs.PmaGJQtm0ThQF3VkX2u/VVqW8rHz1KpSFRiLmnY74l7GmlCUSu,FISICA
ff29e56e-4504-4fa1-b9d3-9405b35a02f1,Angela Boyle,rachelshepherd@gmail.com,$2a$10$Gs.PmaGJQtm0ThQF3VkX2u/VVqW8rHz1KpSFRiLmnY74l7GmlCUSu,INGEGNERIA_INDUSTRIALE
0f26bc56-efba-424b-a327-429ed6f8e955,Thomas Donovan,melissalong@gmail.com,$2a$10$Gs.PmaGJQtm0ThQF3VkX2u/VVqW8rHz1KpSFRiLmnY74l7GmlCUSu,MEDICINA_CHIRURGIA_ODONTOIATRIA
009346bf-475c-4626-9362-bfb89d77a34e,Emily Hawkins,angela39@gmail.com,$2a$10$Gs.PmaGJQtm0ThQF3VkX2u/VVqW8rHz1KpSFRiLmnY74l7GmlCUSu,LINGUAGGIO_BENICULTURALI
03dce464-1945-445d-b15d-c3a6db01028a,Gary Vance,fieldscarlos@gmail.com,$2a$10$Gs.PmaGJQtm0ThQF3VkX2u/VVqW8rHz1KpSFRiLmnY74l7GmlCUSu,POLITICHE_SOCIALI
143abb8a-edd1-415d-8020-caca8ee5b130,Amber Dixon,iroberts@gmail.com,$2a$10$Gs.PmaGJQtm0ThQF3VkX2u/VVqW8rHz1KpSFRiLmnY74l7GmlCUSu,MEDICINA_CHIRURGIA_ODONTOIATRIA
112ac75e-e83e-4178-bdd7-047759bb635b,Jessica Walker,courtney36@gmail.com,$2a$10$Gs.PmaGJQtm0ThQF3VkX2u/VVqW8rHz1KpSFRiLmnY74l7GmlCUSu,BIOMEDICHE
16a7f8bd-f3f6-4203-90b5-1c06f2dfabb7,Lindsey Garcia,melinda47@gmail.com,$2a$10$Gs.PmaGJQtm0ThQF3VkX2u/VVqW8rHz1KpSFRiLmnY74l7GmlCUSu,MATEMATICA_FISICA
93b26cbb-598d-452c-aa3a-d8a8eb98b70f,Matthew Harper,jacksonanna@gmail.com,$2a$10$Gs.PmaGJQtm0ThQF3VkX2u/VVqW8rHz1KpSFRiLmnY74l7GmlCUSu,LINGUAGGIO_BENICULTURALI
1ad4032f-5e94-45d7-a7be-0b0b2d5344dd,Gloria Harmon,youngmatthew@gmail.com,$2a$10$Gs.PmaGJQtm0ThQF3VkX2u/VVqW8rHz1KpSFRiLmnY74l7GmlCUSu,GIURIDICHE
f09409d1-cab5-49ae-981a-f68b2a9787fe,Molly Mcgee,armstrongandre@gmail.com,$2a$10$Gs.PmaGJQtm0ThQF3VkX2u/VVqW8rHz1KpSFRiLmnY74l7GmlCUSu,LINGUAGGIO_BENICULTURALI
ff1922fc-66e1-435e-89e2-a087d91020a7,Jennifer Poole,john28@gmail.com,$2a$10$Gs.PmaGJQtm0ThQF3VkX2u/VVqW8rHz1KpSFRiLmnY74l7GmlCUSu,ECONOMICHE_STATISTICHE
8022d19a-62b8-46ca-9b53-2bf6958599e5,Nathaniel Pittman,tammy59@gmail.com,$2a$10$Gs.PmaGJQtm0ThQF3VkX2u/VVqW8rHz1KpSFRiLmnY74l7GmlCUSu,FORMAZIONE_BENICULTURALI
124c10b9-fe94-4e71-b2f8-9a61b2aa8243,Michael Brock,zmiller@gmail.com,$2a$10$Gs.PmaGJQtm0ThQF3VkX2u/VVqW8rHz1KpSFRiLmnY74l7GmlCUSu,GIURIDICHE
8e2958d3-1b82-4159-b0cf-5156328ed875,Jennifer Roman,rscott@gmail.com,$2a$10$Gs.PmaGJQtm0ThQF3VkX2u/VVqW8rHz1KpSFRiLmnY74l7GmlCUSu,POLITICHE_SOCIALI
17605cb7-5c5e-4fe2-8024-a884eac385da,Joshua Gray,smithbrenda@gmail.com,$2a$10$Gs.PmaGJQtm0ThQF3VkX2u/VVqW8rHz1KpSFRiLmnY74l7GmlCUSu,MEDICINA_CHIRURGIA_ODONTOIATRIA
8cf6fc27-6133-428a-bfdd-289a237b65af,Margaret Rodriguez,karengray@gmail.com,$2a$10$Gs.PmaGJQtm0ThQF3VkX2u/VVqW8rHz1KpSFRiLmnY74l7GmlCUSu,FARMACIA
357c2f9d-2699-4962-8e56-98394a387644,Ellen Brown,hhenderson@gmail.com,$2a$10$Gs.PmaGJQtm0ThQF3VkX2u/VVqW8rHz1KpSFRiLmnY74l7GmlCUSu,AGRICOLA
46ea8afc-d827-4fd2-a8f2-9c425b5aacfa,George Hernandez,crojas@gmail.com,$2a$10$Gs.PmaGJQtm0ThQF3VkX2u/VVqW8rHz1KpSFRiLmnY74l7GmlCUSu,INGEGNERIA_ELETTRICA
2daa7f2b-ed96-4ee4-bb3e-c3cf0f334dcf,Julie Taylor,tonya34@gmail.com,$2a$10$Gs.PmaGJQtm0ThQF3VkX2u/VVqW8rHz1KpSFRiLmnY74l7GmlCUSu,ARCHITETTURA
ba83ad29-bcb8-4694-acde-d5eb5ecada05,Alec Underwood,itaylor@gmail.com,$2a$10$Gs.PmaGJQtm0ThQF3VkX2u/VVqW8rHz1KpSFRiLmnY74l7GmlCUSu,POLITICHE_SOCIALI
8a1b7bd2-0269-4781-935d-747273a0fa5e,Edward Travis,padillajohnny@gmail.com,$2a$10$Gs.PmaGJQtm0ThQF3VkX2u/VVqW8rHz1KpSFRiLmnY74l7GmlCUSu,ARCHITETTURA
14305a23-3954-40e7-970e-69777b91e590,Kathy Wallace,patriciaking@gmail.com,$2a$10$Gs.PmaGJQtm0ThQF3VkX2u/VVqW8rHz1KpSFRiLmnY74l7GmlCUSu,MEDICINA_CHIRURGIA_ODONTOIATRIA
1293fdba-0043-4144-9dc0-a208d947c985,Margaret Munoz,qlee@gmail.com,$2a$10$Gs.PmaGJQtm0ThQF3VkX2u/VVqW8rHz1KpSFRiLmnY74l7GmlCUSu,FARMACIA
a6054d6d-db20-4a75-93a8-cbb44418c15d,Lindsey Patel,susan97@gmail.com,$2a$10$Gs.PmaGJQtm0ThQF3VkX2u/VVqW8rHz1KpSFRiLmnY74l7GmlCUSu,GIURIDICHE
338cbc29-eba8-400d-b5dd-946f2885de8c,Paul Smith,davidjones@gmail.com,$2a$10$Gs.PmaGJQtm0ThQF3VkX2u/VVqW8rHz1KpSFRiLmnY74l7GmlCUSu,INFORMATICA
40ba8271-0b39-44b1-b8a9-7b2c22a0db1f,Douglas Morales,usmith@gmail.com,$2a$10$Gs.PmaGJQtm0ThQF3VkX2u/VVqW8rHz1KpSFRiLmnY74l7GmlCUSu,BIOMEDICHE
9d10726a-5859-4489-9c1c-054989a67194,Alison Brewer,warnold@gmail.com,$2a$10$Gs.PmaGJQtm0ThQF3VkX2u/VVqW8rHz1KpSFRiLmnY74l7GmlCUSu,CHIMICHE
dfe70807-c8b4-49ce-8d8d-f9242447ecfa,Brittany Rhodes,richard77@gmail.com,$2a$10$Gs.PmaGJQtm0ThQF3VkX2u/VVqW8rHz1KpSFRiLmnY74l7GmlCUSu,INGEGNERIA_INDUSTRIALE
cc38d796-b044-4cc4-a820-55e63883a0a4,Keith Guerrero,kevin43@gmail.com,$2a$10$Gs.PmaGJQtm0ThQF3VkX2u/VVqW8rHz1KpSFRiLmnY74l7GmlCUSu,GIURIDICHE
6aec9889-d9f4-478e-9922-90e7bd49508e,Jeffrey Long,adamphillips@gmail.com,$2a$10$Gs.PmaGJQtm0ThQF3VkX2u/VVqW8rHz1KpSFRiLmnY74l7GmlCUSu,INFORMATICA
6461bc1c-b277-4382-bcda-0070ccf628c9,Diane Davis,jacobsdiamond@gmail.com,$2a$10$Gs.PmaGJQtm0ThQF3VkX2u/VVqW8rHz1KpSFRiLmnY74l7GmlCUSu,ARCHITETTURA
4c24bf90-7827-422b-8f11-e8f718b7c6f9,Joseph Jenkins,beltranrichard@gmail.com,$2a$10$Gs.PmaGJQtm0ThQF3VkX2u/VVqW8rHz1KpSFRiLmnY74l7GmlCUSu,MOTORIE_UMANE_SOCIALI
0580f331-9b2e-41e7-86c2-631613869114,Julia Horton,calvin82@gmail.com,$2a$10$Gs.PmaGJQtm0ThQF3VkX2u/VVqW8rHz1KpSFRiLmnY74l7GmlCUSu,BIOMEDICHE
e32648c6-6129-4579-8a1f-9f9a3b717439,Jessica Bryant,dburns@gmail.com,$2a$10$Gs.PmaGJQtm0ThQF3VkX2u/VVqW8rHz1KpSFRiLmnY74l7GmlCUSu,SCUOLA_MEDICINA
1d58df9d-5187-4c3f-9687-79c9138aeeba,Jessica Ortiz,hannarobert@gmail.com,$2a$10$Gs.PmaGJQtm0ThQF3VkX2u/VVqW8rHz1KpSFRiLmnY74l7GmlCUSu,SCUOLA_MEDICINA
251c91c5-59b9-40a9-9f83-f2104b1de55f,Scott Bell,christie42@gmail.com,$2a$10$Gs.PmaGJQtm0ThQF3VkX2u/VVqW8rHz1KpSFRiLmnY74l7GmlCUSu,MATEMATICA_FISICA
c18244c6-233b-4cbb-80ce-c2ab6de75c40,Deanna Delgado,wisejohn@gmail.com,$2a$10$Gs.PmaGJQtm0ThQF3VkX2u/VVqW8rHz1KpSFRiLmnY74l7GmlCUSu,GIURIDICHE
dbedf290-1232-4a86-99d0-af9963c4d2d0,Andrew Reed,cannonwilliam@gmail.com,$2a$10$Gs.PmaGJQtm0ThQF3VkX2u/VVqW8rHz1KpSFRiLmnY74l7GmlCUSu,FORMAZIONE_BENICULTURALI
6a0daf4b-1b2d-4a36-95ae-106d8f2a31b7,Ashley Allen,robertclark@gmail.com,$2a$10$Gs.PmaGJQtm0ThQF3VkX2u/VVqW8rHz1KpSFRiLmnY74l7GmlCUSu,AGRICOLA
00136786-6eb0-4fa0-a589-daa7e8d10d35,George Weber,robinhammond@gmail.com,$2a$10$Gs.PmaGJQtm0ThQF3VkX2u/VVqW8rHz1KpSFRiLmnY74l7GmlCUSu,INGEGNERIA_INDUSTRIALE
e09a1fba-d05d-47d9-adca-69d29ebc8bda,Christina Huber MD,russell43@gmail.com,$2a$10$Gs.PmaGJQtm0ThQF3VkX2u/VVqW8rHz1KpSFRiLmnY74l7GmlCUSu,INGEGNERIA_INDUSTRIALE
46517855-fd58-458c-85b4-5ba8fe7b9543,Lauren Carlson,wolfkara@gmail.com,$2a$10$Gs.PmaGJQtm0ThQF3VkX2u/VVqW8rHz1KpSFRiLmnY74l7GmlCUSu,MEDICINA_CHIRURGIA_ODONTOIATRIA
757c0c8f-fa1e-48cc-990f-2944b3c69b6c,Christopher Williams,judywilkins@gmail.com,$2a$10$Gs.PmaGJQtm0ThQF3VkX2u/VVqW8rHz1KpSFRiLmnY74l7GmlCUSu,FARMACIA
de94b2c2-d650-4797-81b4-72f1c9c557d4,Brian Villarreal,isandoval@gmail.com,$2a$10$Gs.PmaGJQtm0ThQF3VkX2u/VVqW8rHz1KpSFRiLmnY74l7GmlCUSu,MOTORIE_UMANE_SOCIALI
cc390630-dac2-418c-aebf-b4fde89b60ea,April Wilcox,brentbarrett@gmail.com,$2a$10$Gs.PmaGJQtm0ThQF3VkX2u/VVqW8rHz1KpSFRiLmnY74l7GmlCUSu,POLITICHE_SOCIALI
5d5e84c5-1b67-43ee-9ba8-428ee83446cd,Jacqueline Green,jwalters@gmail.com,$2a$10$Gs.PmaGJQtm0ThQF3VkX2u/VVqW8rHz1KpSFRiLmnY74l7GmlCUSu,INFORMATICA
7f7ca09b-8027-4701-b13f-f191c0b5a4cd,Thomas Baker,mark11@gmail.com,$2a$10$Gs.PmaGJQtm0ThQF3VkX2u/VVqW8rHz1KpSFRiLmnY74l7GmlCUSu,POLITICHE_SOCIALI
a012a9cb-0e83-4518-adde-248524a8e8d4,Andrew Harris,kerrkatrina@gmail.com,$2a$10$Gs.PmaGJQtm0ThQF3VkX2u/VVqW8rHz1KpSFRiLmnY74l7GmlCUSu,MATEMATICA_FISICA
a94cd4d3-a006-4684-830d-61b74cf69216,Stephanie Castro,evelynwalker@gmail.com,$2a$10$Gs.PmaGJQtm0ThQF3VkX2u/VVqW8rHz1KpSFRiLmnY74l7GmlCUSu,ARCHITETTURA
a7693198-d1c6-4970-a7f3-2c00fd0d12b4,Leslie Dawson,rita69@gmail.com,$2a$10$Gs.PmaGJQtm0ThQF3VkX2u/VVqW8rHz1KpSFRiLmnY74l7GmlCUSu,LINGUAGGIO_BENICULTURALI
a4f7d70d-c50f-407c-a4a4-13b4a62f65d0,Heather Mason,lisa25@gmail.com,$2a$10$Gs.PmaGJQtm0ThQF3VkX2u/VVqW8rHz1KpSFRiLmnY74l7GmlCUSu,FISICA
3762d738-efd8-4e0a-b154-cc26de90e305,Karen Hill,karen03@gmail.com,$2a$10$Gs.PmaGJQtm0ThQF3VkX2u/VVqW8rHz1KpSFRiLmnY74l7GmlCUSu,GIURIDICHE
ee578608-7541-44f4-97c0-9d5ce90f1a80,Christopher Anderson,ewhite@gmail.com,$2a$10$Gs.PmaGJQtm0ThQF3VkX2u/VVqW8rHz1KpSFRiLmnY74l7GmlCUSu,AGRICOLA
ec62494a-b808-40ac-918a-4313f8ddb268,Kristen King,whitney58@gmail.com,$2a$10$Gs.PmaGJQtm0ThQF3VkX2u/VVqW8rHz1KpSFRiLmnY74l7GmlCUSu,LINGUAGGIO_BENICULTURALI
80e57459-daf1-425f-a02c-a04fc4110b99,Micheal Nunez,rward@gmail.com,$2a$10$Gs.PmaGJQtm0ThQF3VkX2u/VVqW8rHz1KpSFRiLmnY74l7GmlCUSu,MOTORIE_UMANE_SOCIALI
e95c0915-1bfc-493d-b476-d488f9fb9d7f,Shari Davila,robert89@gmail.com,$2a$10$Gs.PmaGJQtm0ThQF3VkX2u/VVqW8rHz1KpSFRiLmnY74l7GmlCUSu,AGRICOLA
44e2c730-ba12-407b-a122-3f617c307c4e,Anita Clements,amandagoodman@gmail.com,$2a$10$Gs.PmaGJQtm0ThQF3VkX2u/VVqW8rHz1KpSFRiLmnY74l7GmlCUSu,FARMACIA
bcc903ad-98f0-4093-b1ae-6147811af6c7,Rebecca Wood,fcooper@gmail.com,$2a$10$Gs.PmaGJQtm0ThQF3VkX2u/VVqW8rHz1KpSFRiLmnY74l7GmlCUSu,FARMACIA
2b1ce6e9-cf3c-4080-9296-70bcbff9a8b5,Luke Johnson,bryantjohn@gmail.com,$2a$10$Gs.PmaGJQtm0ThQF3VkX2u/VVqW8rHz1KpSFRiLmnY74l7GmlCUSu,MEDICINA_CHIRURGIA_ODONTOIATRIA
253e14ac-cbf7-4b95-ac40-4a5c68c6105c,Betty Morse,acarroll@gmail.com,$2a$10$Gs.PmaGJQtm0ThQF3VkX2u/VVqW8rHz1KpSFRiLmnY74l7GmlCUSu,FARMACIA
457f8705-b0b7-4784-b2ee-611f23c1f58e,Steven Sandoval,michelle10@gmail.com,$2a$10$Gs.PmaGJQtm0ThQF3VkX2u/VVqW8rHz1KpSFRiLmnY74l7GmlCUSu,AGRICOLA
a1d5442d-63b4-43d0-8c60-9f5101285edf,Thomas Santiago,matthewsjoshua@gmail.com,$2a$10$Gs.PmaGJQtm0ThQF3VkX2u/VVqW8rHz1KpSFRiLmnY74l7GmlCUSu,FARMACIA
0764ce31-2dc5-46ae-876b-cbc6974d51fb,Judith Barker,michael86@gmail.com,$2a$10$Gs.PmaGJQtm0ThQF3VkX2u/VVqW8rHz1KpSFRiLmnY74l7GmlCUSu,BIOMEDICHE
cbb61b74-726b-43ab-8c66-fa78888c7cd0,Edwin Murphy,qball@gmail.com,$2a$10$Gs.PmaGJQtm0ThQF3VkX2u/VVqW8rHz1KpSFRiLmnY74l7GmlCUSu,ARCHITETTURA
de39b2d0-fc34-4199-a803-464af8f5230f,Vincent Alvarez,emilyrussell@gmail.com,$2a$10$Gs.PmaGJQtm0ThQF3VkX2u/VVqW8rHz1KpSFRiLmnY74l7GmlCUSu,MOTORIE_UMANE_SOCIALI
9841da88-30be-4e7b-ac49-2391f90080dc,Blake Smith,tracy76@gmail.com,$2a$10$Gs.PmaGJQtm0ThQF3VkX2u/VVqW8rHz1KpSFRiLmnY74l7GmlCUSu,FISICA
dc11ca7d-9049-4adb-bfc3-22f0444ae62f,Sandra Roth,fgonzales@gmail.com,$2a$10$Gs.PmaGJQtm0ThQF3VkX2u/VVqW8rHz1KpSFRiLmnY74l7GmlCUSu,MOTORIE_UMANE_SOCIALI
23a1d953-1170-4643-8891-5c650d8f4444,Patricia Kirby,kmurphy@gmail.com,$2a$10$Gs.PmaGJQtm0ThQF3VkX2u/VVqW8rHz1KpSFRiLmnY74l7GmlCUSu,INGEGNERIA_ELETTRICA
c7eae650-87c1-43d5-9715-bdd8d7ed70ba,George Bailey,robinharper@gmail.com,$2a$10$Gs.PmaGJQtm0ThQF3VkX2u/VVqW8rHz1KpSFRiLmnY74l7GmlCUSu,INGEGNERIA_ELETTRICA
2d9ea4ca-e055-4fe5-9ffa-6530ddaba778,Ryan Dunn,tammy87@gmail.com,$2a$10$Gs.PmaGJQtm0ThQF3VkX2u/VVqW8rHz1KpSFRiLmnY74l7GmlCUSu,GIURIDICHE
87fdca81-bf6f-452f-84b4-711c6c230754,Tom Chapman,milleraustin@gmail.com,$2a$10$Gs.PmaGJQtm0ThQF3VkX2u/VVqW8rHz1KpSFRiLmnY74l7GmlCUSu,FARMACIA
9794db26-d44a-4cd6-ab3c-0cd256321fda,Diana Hooper,travis47@gmail.com,$2a$10$Gs.PmaGJQtm0ThQF3VkX2u/VVqW8rHz1KpSFRiLmnY74l7GmlCUSu,FARMACIA
29a07c5e-9c8a-488b-a7ea-741d68a49e06,Dawn Briggs,anthony24@gmail.com,$2a$10$Gs.PmaGJQtm0ThQF3VkX2u/VVqW8rHz1KpSFRiLmnY74l7GmlCUSu,ARCHITETTURA
2bb07da4-4eed-4181-85ba-1db362510a31,Tom Robinson,tanyagonzales@gmail.com,$2a$10$Gs.PmaGJQtm0ThQF3VkX2u/VVqW8rHz1KpSFRiLmnY74l7GmlCUSu,ECONOMICHE_STATISTICHE
0c09346b-f0b0-431a-8dd1-1a7472a12f57,Andre Briggs,jthompson@gmail.com,$2a$10$Gs.PmaGJQtm0ThQF3VkX2u/VVqW8rHz1KpSFRiLmnY74l7GmlCUSu,SCUOLA_MEDICINA
1e614e28-aa53-4179-83c5-6643a7bbd93c,Dennis Brown,ashleyfarmer@gmail.com,$2a$10$Gs.PmaGJQtm0ThQF3VkX2u/VVqW8rHz1KpSFRiLmnY74l7GmlCUSu,BIOMEDICHE
378ff641-142d-4712-af5b-354207788391,Robert Steele,dorothy91@gmail.com,$2a$10$Gs.PmaGJQtm0ThQF3VkX2u/VVqW8rHz1KpSFRiLmnY74l7GmlCUSu,INGEGNERIA_INDUSTRIALE
6e851d04-aeda-434d-aa65-6818ee1515d1,Katie Hunter,lori42@gmail.com,$2a$10$Gs.PmaGJQtm0ThQF3VkX2u/VVqW8rHz1KpSFRiLmnY74l7GmlCUSu,ECONOMICHE_STATISTICHE
dc121ec6-fc95-47c4-9c4f-7ed3a93e11f0,Brian Durham,tjones@gmail.com,$2a$10$Gs.PmaGJQtm0ThQF3VkX2u/VVqW8rHz1KpSFRiLmnY74l7GmlCUSu,CHIMICHE
bfcd0173-b189-41fb-9b47-9eb44954e2b8,Jeffrey Garcia,kellerrobert@gmail.com,$2a$10$Gs.PmaGJQtm0ThQF3VkX2u/VVqW8rHz1KpSFRiLmnY74l7GmlCUSu,BIOMEDICHE
db7753f4-4f49-4332-a319-48ac14815ec3,Bethany Collins,cynthia84@gmail.com,$2a$10$Gs.PmaGJQtm0ThQF3VkX2u/VVqW8rHz1KpSFRiLmnY74l7GmlCUSu,MOTORIE_UMANE_SOCIALI
73e6b962-384c-44f6-8f97-ca70e80777ea,Chelsea Rodriguez,ucarpenter@gmail.com,$2a$10$Gs.PmaGJQtm0ThQF3VkX2u/VVqW8rHz1KpSFRiLmnY74l7GmlCUSu,MOTORIE_UMANE_SOCIALI
dde84eca-5b26-4827-a2ea-05c283743040,Katelyn Baker,mcarr@gmail.com,$2a$10$Gs.PmaGJQtm0ThQF3VkX2u/VVqW8rHz1KpSFRiLmnY74l7GmlCUSu,GIURIDICHE
4cb336ad-1bf4-46e8-9b9e-ee463c3916d0,Megan Rogers,michaelmcdaniel@gmail.com,$2a$10$Gs.PmaGJQtm0ThQF3VkX2u/VVqW8rHz1KpSFRiLmnY74l7GmlCUSu,GIURIDICHE
7d8ee7ef-bc79-4c08-8600-9f05978beb92,Sheila Odonnell,nthomas@gmail.com,$2a$10$Gs.PmaGJQtm0ThQF3VkX2u/VVqW8rHz1KpSFRiLmnY74l7GmlCUSu,LINGUAGGIO_BENICULTURALI
646685d4-f1a2-4ea6-9889-53a8ec3b12ef,Jonathan Bonilla,juliabest@gmail.com,$2a$10$Gs.PmaGJQtm0ThQF3VkX2u/VVqW8rHz1KpSFRiLmnY74l7GmlCUSu,ECONOMICHE_STATISTICHE
cc6717e2-a4b4-4326-a56d-db1b093a4799,Jessica Smith,vhenderson@gmail.com,$2a$10$Gs.PmaGJQtm0ThQF3VkX2u/VVqW8rHz1KpSFRiLmnY74l7GmlCUSu,CHIMICHE
10d55550-a9d1-4b36-8233-d26f0da69c44,Monica Mata,thomas75@gmail.com,$2a$10$Gs.PmaGJQtm0ThQF3VkX2u/VVqW8rHz1KpSFRiLmnY74l7GmlCUSu,MEDICINA_CHIRURGIA_ODONTOIATRIA
6b8a0b1e-976d-4c68-8512-b85c0196b8f8,Corey Garcia,brownjoseph@gmail.com,$2a$10$Gs.PmaGJQtm0ThQF3VkX2u/VVqW8rHz1KpSFRiLmnY74l7GmlCUSu,GIURIDICHE
9caf5f4b-5f2e-491b-8e03-4efe8504d75f,Anthony Alvarado,hmoore@gmail.com,$2a$10$Gs.PmaGJQtm0ThQF3VkX2u/VVqW8rHz1KpSFRiLmnY74l7GmlCUSu,FORMAZIONE_BENICULTURALI
ea7c13d1-a95b-4c13-a8e4-07b5723a269e,Nicholas Johnson,allenkathryn@gmail.com,$2a$10$Gs.PmaGJQtm0ThQF3VkX2u/VVqW8rHz1KpSFRiLmnY74l7GmlCUSu,FARMACIA
8dff21b2-ae38-43de-9cba-5427d972fefa,Marc Flores,fisherdiane@gmail.com,$2a$10$Gs.PmaGJQtm0ThQF3VkX2u/VVqW8rHz1KpSFRiLmnY74l7GmlCUSu,SCUOLA_MEDICINA
7d8aabfc-4b8c-47fc-91e6-7ca1d8c91e7b,Jacqueline Dodson,ashleyhansen@gmail.com,$2a$10$Gs.PmaGJQtm0ThQF3VkX2u/VVqW8rHz1KpSFRiLmnY74l7GmlCUSu,MEDICINA_CHIRURGIA_ODONTOIATRIA
b689fed2-8f4a-4ba2-b0eb-1d3c177627dd,Krystal Hall,jacobpeck@gmail.com,$2a$10$Gs.PmaGJQtm0ThQF3VkX2u/VVqW8rHz1KpSFRiLmnY74l7GmlCUSu,MEDICINA_CHIRURGIA_ODONTOIATRIA
eb563a01-e04d-4ffc-b28c-8d4f797c46b7,Danielle Delgado,francisco71@gmail.com,$2a$10$Gs.PmaGJQtm0ThQF3VkX2u/VVqW8rHz1KpSFRiLmnY74l7GmlCUSu,FORMAZIONE_BENICULTURALI
aec9e7c0-27a2-4f11-be8a-ca1935e8ce88,Ricardo Ford,chelsea86@gmail.com,$2a$10$Gs.PmaGJQtm0ThQF3VkX2u/VVqW8rHz1KpSFRiLmnY74l7GmlCUSu,MATEMATICA_FISICA
7c732fc5-8669-4dd6-8d11-8f86436ef614,Walter Johnson,veronica41@gmail.com,$2a$10$Gs.PmaGJQtm0ThQF3VkX2u/VVqW8rHz1KpSFRiLmnY74l7GmlCUSu,MEDICINA_CHIRURGIA_ODONTOIATRIA
0742b3b7-31d2-43a9-a0bf-38892476458c,James Sanchez,tclark@gmail.com,$2a$10$Gs.PmaGJQtm0ThQF3VkX2u/VVqW8rHz1KpSFRiLmnY74l7GmlCUSu,ARCHITETTURA
13f538dc-9cb5-4880-901f-ce0ad651e4b7,Tammy Howard,amcguire@gmail.com,$2a$10$Gs.PmaGJQtm0ThQF3VkX2u/VVqW8rHz1KpSFRiLmnY74l7GmlCUSu,INGEGNERIA_ELETTRICA
d031f22a-e79c-4292-998b-d2668703dc8b,James Garcia,tinaporter@gmail.com,$2a$10$Gs.PmaGJQtm0ThQF3VkX2u/VVqW8rHz1KpSFRiLmnY74l7GmlCUSu,AGRICOLA
73f9ecbc-e806-4560-8457-7aae4bdeddb0,Eric Bryant,ronaldmaynard@gmail.com,$2a$10$Gs.PmaGJQtm0ThQF3VkX2u/VVqW8rHz1KpSFRiLmnY74l7GmlCUSu,SCUOLA_MEDICINA
ffdf3f03-72d4-4ff9-aea1-08842eceb70b,Megan Patterson,tiffanysmith@gmail.com,$2a$10$Gs.PmaGJQtm0ThQF3VkX2u/VVqW8rHz1KpSFRiLmnY74l7GmlCUSu,SCUOLA_MEDICINA
87d647b6-e933-4062-a294-f1c20e7157f1,Jessica Thompson,reidann@gmail.com,$2a$10$Gs.PmaGJQtm0ThQF3VkX2u/VVqW8rHz1KpSFRiLmnY74l7GmlCUSu,ECONOMICHE_STATISTICHE
eed56a55-a001-4f85-9d7a-5305d030fdc3,Kendra Hines,flandry@gmail.com,$2a$10$Gs.PmaGJQtm0ThQF3VkX2u/VVqW8rHz1KpSFRiLmnY74l7GmlCUSu,MEDICINA_CHIRURGIA_ODONTOIATRIA
bb2b0f1c-3c89-4aae-be42-ef731b639f50,Lisa Bass,jeverett@gmail.com,$2a$10$Gs.PmaGJQtm0ThQF3VkX2u/VVqW8rHz1KpSFRiLmnY74l7GmlCUSu,MATEMATICA_FISICA
5064682c-382a-400b-a092-0b65d730f5ec,Eric Cantu,hardyjessica@gmail.com,$2a$10$Gs.PmaGJQtm0ThQF3VkX2u/VVqW8rHz1KpSFRiLmnY74l7GmlCUSu,BIOMEDICHE
5fcceec5-7942-4524-82f4-896b27169bff,Alicia Ward,boydjames@gmail.com,$2a$10$Gs.PmaGJQtm0ThQF3VkX2u/VVqW8rHz1KpSFRiLmnY74l7GmlCUSu,ECONOMICHE_STATISTICHE
fdadd64c-8b01-4ec6-92a1-c2b393d9388e,Laurie Rose,guerrerocharles@gmail.com,$2a$10$Gs.PmaGJQtm0ThQF3VkX2u/VVqW8rHz1KpSFRiLmnY74l7GmlCUSu,INGEGNERIA_EDILE
646b5672-4001-484d-b0a2-dbe9b5188e82,Kelli Bell,joneswilliam@gmail.com,$2a$10$Gs.PmaGJQtm0ThQF3VkX2u/VVqW8rHz1KpSFRiLmnY74l7GmlCUSu,INGEGNERIA_EDILE
6218226e-7922-434e-a85a-7c85121b1426,Lisa Murray,norriskimberly@gmail.com,$2a$10$Gs.PmaGJQtm0ThQF3VkX2u/VVqW8rHz1KpSFRiLmnY74l7GmlCUSu,FISICA
d064943a-3662-49ac-9d5b-4f2a0f37f2b4,Thomas Roberts,zrobinson@gmail.com,$2a$10$Gs.PmaGJQtm0ThQF3VkX2u/VVqW8rHz1KpSFRiLmnY74l7GmlCUSu,FARMACIA
62cc8069-89e5-4eb7-90e4-cd0e25a339ca,Tyler Day,mbenson@gmail.com,$2a$10$Gs.PmaGJQtm0ThQF3VkX2u/VVqW8rHz1KpSFRiLmnY74l7GmlCUSu,CHIMICHE
4e6ad761-2c02-41ba-8cea-9a70d9c8cecb,Gregory Smith,adam05@gmail.com,$2a$10$Gs.PmaGJQtm0ThQF3VkX2u/VVqW8rHz1KpSFRiLmnY74l7GmlCUSu,BIOMEDICHE
bfcd208f-4b29-4dd7-b0de-2027386b32ce,Mark Craig,mcdonaldwilliam@gmail.com,$2a$10$Gs.PmaGJQtm0ThQF3VkX2u/VVqW8rHz1KpSFRiLmnY74l7GmlCUSu,MEDICINA_CHIRURGIA_ODONTOIATRIA
ad40a733-b43a-4484-8741-11f4b5f9295b,Seth Wallace IV,jeremiah98@gmail.com,$2a$10$Gs.PmaGJQtm0ThQF3VkX2u/VVqW8rHz1KpSFRiLmnY74l7GmlCUSu,MEDICINA_CHIRURGIA_ODONTOIATRIA
82717f5b-6e63-4520-942e-9286c0ef8369,Jon Mcdaniel,mark34@gmail.com,$2a$10$Gs.PmaGJQtm0ThQF3VkX2u/VVqW8rHz1KpSFRiLmnY74l7GmlCUSu,MATEMATICA_FISICA
ee59800f-f70a-44b2-9bee-8e3e4806793e,Bonnie Scott,xsullivan@gmail.com,$2a$10$Gs.PmaGJQtm0ThQF3VkX2u/VVqW8rHz1KpSFRiLmnY74l7GmlCUSu,BIOMEDICHE
04db686a-af56-4b0e-81c5-9a2e2cdfd79e,Amy Perez,ryanbrooks@gmail.com,$2a$10$Gs.PmaGJQtm0ThQF3VkX2u/VVqW8rHz1KpSFRiLmnY74l7GmlCUSu,CHIMICHE
8e329d87-ec1b-4b57-8013-f1c3a24c8768,Mary Rivera,julie22@gmail.com,$2a$10$Gs.PmaGJQtm0ThQF3VkX2u/VVqW8rHz1KpSFRiLmnY74l7GmlCUSu,INGEGNERIA_EDILE
67cdfc80-d7b1-4117-ab98-9dc19934b2bb,Scott Williams,ubennett@gmail.com,$2a$10$Gs.PmaGJQtm0ThQF3VkX2u/VVqW8rHz1KpSFRiLmnY74l7GmlCUSu,MOTORIE_UMANE_SOCIALI
79900ef7-eb20-41b3-a2f2-cdc0e8d9676a,Brian Cooper,rodney49@gmail.com,$2a$10$Gs.PmaGJQtm0ThQF3VkX2u/VVqW8rHz1KpSFRiLmnY74l7GmlCUSu,FORMAZIONE_BENICULTURALI
84360737-f477-4f02-8406-285c129d0cc4,Jason Taylor,rebeccarivera@gmail.com,$2a$10$Gs.PmaGJQtm0ThQF3VkX2u/VVqW8rHz1KpSFRiLmnY74l7GmlCUSu,ARCHITETTURA
ef4d2213-1ac3-42c6-b609-57df1bdcc6be,Nicholas Dougherty,singhkeith@gmail.com,$2a$10$Gs.PmaGJQtm0ThQF3VkX2u/VVqW8rHz1KpSFRiLmnY74l7GmlCUSu,INGEGNERIA_EDILE
3dd2f34d-1056-4c75-8e85-f4260788c998,Yolanda Kirby,thomasanthony@gmail.com,$2a$10$Gs.PmaGJQtm0ThQF3VkX2u/VVqW8rHz1KpSFRiLmnY74l7GmlCUSu,MOTORIE_UMANE_SOCIALI
dc0e0cb0-e181-4548-864c-9d168db70055,Renee Carlson,clarkstanley@gmail.com,$2a$10$Gs.PmaGJQtm0ThQF3VkX2u/VVqW8rHz1KpSFRiLmnY74l7GmlCUSu,AGRICOLA
ec0b91eb-5a69-4e70-a89e-5853f37f99cf,Jamie Sanders,xmartinez@gmail.com,$2a$10$Gs.PmaGJQtm0ThQF3VkX2u/VVqW8rHz1KpSFRiLmnY74l7GmlCUSu,SCUOLA_MEDICINA
b0d045f9-81e6-4b66-a0a3-630bec1be415,Kimberly Larsen,bryanmason@gmail.com,$2a$10$Gs.PmaGJQtm0ThQF3VkX2u/VVqW8rHz1KpSFRiLmnY74l7GmlCUSu,MEDICINA_CHIRURGIA_ODONTOIATRIA
ddfe94ca-0266-4eb6-95dd-38f6daed0c1a,Brittany Arellano,james31@gmail.com,$2a$10$Gs.PmaGJQtm0ThQF3VkX2u/VVqW8rHz1KpSFRiLmnY74l7GmlCUSu,CHIMICHE
3bf68b5f-17ed-496b-ac3c-f1444ff3e7ce,Lawrence Wallace,michelle06@gmail.com,$2a$10$Gs.PmaGJQtm0ThQF3VkX2u/VVqW8rHz1KpSFRiLmnY74l7GmlCUSu,FISICA
a8b3f0a4-f852-4da8-aa86-e9ebcdf0132e,Raymond Marshall,josephlee@gmail.com,$2a$10$Gs.PmaGJQtm0ThQF3VkX2u/VVqW8rHz1KpSFRiLmnY74l7GmlCUSu,BIOMEDICHE
bef8ff6c-de67-47f3-b3a9-0d20ce544411,Madison Gill,canderson@gmail.com,$2a$10$Gs.PmaGJQtm0ThQF3VkX2u/VVqW8rHz1KpSFRiLmnY74l7GmlCUSu,SCUOLA_MEDICINA
15436084-b939-4cc2-b70d-a2f806e0e605,James Johnson,marksanders@gmail.com,$2a$10$Gs.PmaGJQtm0ThQF3VkX2u/VVqW8rHz1KpSFRiLmnY74l7GmlCUSu,INGEGNERIA_INDUSTRIALE
e23088d3-622a-4356-87b6-d36593c617f7,Bryan Williams,littledavid@gmail.com,$2a$10$Gs.PmaGJQtm0ThQF3VkX2u/VVqW8rHz1KpSFRiLmnY74l7GmlCUSu,ECONOMICHE_STATISTICHE
c2332149-39a2-4825-a7a1-68dc50ab5506,Bobby Williams,caitlin58@gmail.com,$2a$10$Gs.PmaGJQtm0ThQF3VkX2u/VVqW8rHz1KpSFRiLmnY74l7GmlCUSu,BIOMEDICHE
dd7b3dd2-767a-4f79-810f-ed7b1aa5f2a6,Frederick Holland,gmiller@gmail.com,$2a$10$Gs.PmaGJQtm0ThQF3VkX2u/VVqW8rHz1KpSFRiLmnY74l7GmlCUSu,MOTORIE_UMANE_SOCIALI
69b70654-662e-4f83-9572-22b80cbaadc0,Lisa Diaz,zrojas@gmail.com,$2a$10$Gs.PmaGJQtm0ThQF3VkX2u/VVqW8rHz1KpSFRiLmnY74l7GmlCUSu,FORMAZIONE_BENICULTURALI
1fb4ed9d-1521-423c-9b4a-f6774b367b15,Adam Parrish,penningtonconnie@gmail.com,$2a$10$Gs.PmaGJQtm0ThQF3VkX2u/VVqW8rHz1KpSFRiLmnY74l7GmlCUSu,FISICA
5636d6c3-34c7-4c93-b686-85e693a40e61,Debbie Ruiz,jeananderson@gmail.com,$2a$10$Gs.PmaGJQtm0ThQF3VkX2u/VVqW8rHz1KpSFRiLmnY74l7GmlCUSu,AGRICOLA
3f6bce7e-65f4-4e72-867e-758cf8e22b75,Amy Shepard,emiller@gmail.com,$2a$10$Gs.PmaGJQtm0ThQF3VkX2u/VVqW8rHz1KpSFRiLmnY74l7GmlCUSu,FARMACIA
b4a74977-9aa0-420a-bfdb-4960fe07d812,Joseph White,benglish@gmail.com,$2a$10$Gs.PmaGJQtm0ThQF3VkX2u/VVqW8rHz1KpSFRiLmnY74l7GmlCUSu,BIOMEDICHE
a67b96ab-ee1f-4b74-acb2-267491b171f0,Ronald Holmes,kristinglover@gmail.com,$2a$10$Gs.PmaGJQtm0ThQF3VkX2u/VVqW8rHz1KpSFRiLmnY74l7GmlCUSu,MATEMATICA_FISICA
e4c841dd-e9a3-4108-a3b2-4ee5eb72d7f9,Dana Scott,edwardsawyer@gmail.com,$2a$10$Gs.PmaGJQtm0ThQF3VkX2u/VVqW8rHz1KpSFRiLmnY74l7GmlCUSu,INGEGNERIA_EDILE
829b2b95-5a1a-446a-9f45-dc66db1791a0,Natasha Richards,eric09@gmail.com,$2a$10$Gs.PmaGJQtm0ThQF3VkX2u/VVqW8rHz1KpSFRiLmnY74l7GmlCUSu,INGEGNERIA_EDILE
46504170-e650-4dc4-b9a5-b8da403fe079,Tyler Jones,jolson@gmail.com,$2a$10$Gs.PmaGJQtm0ThQF3VkX2u/VVqW8rHz1KpSFRiLmnY74l7GmlCUSu,CHIMICHE
e7751ac1-a874-4e85-9547-100a462fa218,Philip Smith,wwiggins@gmail.com,$2a$10$Gs.PmaGJQtm0ThQF3VkX2u/VVqW8rHz1KpSFRiLmnY74l7GmlCUSu,FORMAZIONE_BENICULTURALI
b5841af5-350c-4708-a628-c7c8b567ffb2,Robert Lambert,alvarezloretta@gmail.com,$2a$10$Gs.PmaGJQtm0ThQF3VkX2u/VVqW8rHz1KpSFRiLmnY74l7GmlCUSu,FORMAZIONE_BENICULTURALI
dc9d71ee-a909-4bcd-b079-4fa05aa61f1d,Maria Lambert,mclark@gmail.com,$2a$10$Gs.PmaGJQtm0ThQF3VkX2u/VVqW8rHz1KpSFRiLmnY74l7GmlCUSu,FARMACIA
69ea3871-5c17-40ae-82f3-111bddc5e889,Nicholas Allen,perryamy@gmail.com,$2a$10$Gs.PmaGJQtm0ThQF3VkX2u/VVqW8rHz1KpSFRiLmnY74l7GmlCUSu,ECONOMICHE_STATISTICHE
fdd54c71-a85b-40e1-a35b-96d2447718d9,Jennifer Day,kevinjones@gmail.com,$2a$10$Gs.PmaGJQtm0ThQF3VkX2u/VVqW8rHz1KpSFRiLmnY74l7GmlCUSu,ECONOMICHE_STATISTICHE
e21b0b6c-a02e-4bfd-8ef0-702f8ef1fde6,Brandon Ray,smithrobert@gmail.com,$2a$10$Gs.PmaGJQtm0ThQF3VkX2u/VVqW8rHz1KpSFRiLmnY74l7GmlCUSu,FORMAZIONE_BENICULTURALI
1b1fb636-45da-46c1-ad43-5eef78e2152d,John Hodge,ronaldschwartz@gmail.com,$2a$10$Gs.PmaGJQtm0ThQF3VkX2u/VVqW8rHz1KpSFRiLmnY74l7GmlCUSu,MATEMATICA_FISICA
05733a75-4fc0-42ff-95a9-0f0295fae363,Desiree Cohen,jasoncooper@gmail.com,$2a$10$Gs.PmaGJQtm0ThQF3VkX2u/VVqW8rHz1KpSFRiLmnY74l7GmlCUSu,MEDICINA_CHIRURGIA_ODONTOIATRIA
96f99051-0eb1-45a8-b5a5-3f5d7e256013,Alex Anderson,wilkersonsteven@gmail.com,$2a$10$Gs.PmaGJQtm0ThQF3VkX2u/VVqW8rHz1KpSFRiLmnY74l7GmlCUSu,FARMACIA
59376988-d651-4a32-85f4-9ce18e019475,Curtis Villanueva,lsmith@gmail.com,$2a$10$Gs.PmaGJQtm0ThQF3VkX2u/VVqW8rHz1KpSFRiLmnY74l7GmlCUSu,MOTORIE_UMANE_SOCIALI
8ed78a0e-5927-481b-9faf-86027fb5f3e3,Brian Conley,malonegabriela@gmail.com,$2a$10$Gs.PmaGJQtm0ThQF3VkX2u/VVqW8rHz1KpSFRiLmnY74l7GmlCUSu,SCUOLA_MEDICINA
0c0f57fb-9d99-4462-8c3b-d211fa6f500f,Jose Sanchez,rosaleswilliam@gmail.com,$2a$10$Gs.PmaGJQtm0ThQF3VkX2u/VVqW8rHz1KpSFRiLmnY74l7GmlCUSu,CHIMICHE
e61c2b22-be26-4004-b608-4038a8b3f2a6,Patricia Ryan,wendy69@gmail.com,$2a$10$Gs.PmaGJQtm0ThQF3VkX2u/VVqW8rHz1KpSFRiLmnY74l7GmlCUSu,POLITICHE_SOCIALI
27a23f49-6ff3-4ad6-824f-d6a11ced2048,Jessica Sharp,qhoward@gmail.com,$2a$10$Gs.PmaGJQtm0ThQF3VkX2u/VVqW8rHz1KpSFRiLmnY74l7GmlCUSu,MOTORIE_UMANE_SOCIALI
e9b542ab-a518-4137-86cb-53ef41d3a7e9,Jennifer Torres,schmidttina@gmail.com,$2a$10$Gs.PmaGJQtm0ThQF3VkX2u/VVqW8rHz1KpSFRiLmnY74l7GmlCUSu,FARMACIA
ebb75b03-a5ad-4e34-8ef0-b99e76e3a45b,Eileen Higgins,kellyjodi@gmail.com,$2a$10$Gs.PmaGJQtm0ThQF3VkX2u/VVqW8rHz1KpSFRiLmnY74l7GmlCUSu,MOTORIE_UMANE_SOCIALI
d51e2e86-f5ab-46fa-a754-a4ecfa1554d8,Michael Hoffman,anthonysmith@gmail.com,$2a$10$Gs.PmaGJQtm0ThQF3VkX2u/VVqW8rHz1KpSFRiLmnY74l7GmlCUSu,INGEGNERIA_ELETTRICA
d4264303-df7c-436f-839e-446ef72d3fad,Lynn Washington,aprilkaufman@gmail.com,$2a$10$Gs.PmaGJQtm0ThQF3VkX2u/VVqW8rHz1KpSFRiLmnY74l7GmlCUSu,MATEMATICA_FISICA
67cc9efd-141a-4e26-991d-7a0c89e52ec0,Catherine Pope,amanda92@gmail.com,$2a$10$Gs.PmaGJQtm0ThQF3VkX2u/VVqW8rHz1KpSFRiLmnY74l7GmlCUSu,INGEGNERIA_INDUSTRIALE
4199171e-036b-47d6-a22c-854ee0559877,Gregory Reynolds,johnstein@gmail.com,$2a$10$Gs.PmaGJQtm0ThQF3VkX2u/VVqW8rHz1KpSFRiLmnY74l7GmlCUSu,BIOMEDICHE
efeab1bc-27a1-4aa6-ab43-8324cf9ce64c,Christopher Hernandez,jonathon55@gmail.com,$2a$10$Gs.PmaGJQtm0ThQF3VkX2u/VVqW8rHz1KpSFRiLmnY74l7GmlCUSu,BIOMEDICHE
769758c7-4691-4fb0-bc77-d7c9f4c4a026,Mr. Michael Jimenez,jenniferbaxter@gmail.com,$2a$10$Gs.PmaGJQtm0ThQF3VkX2u/VVqW8rHz1KpSFRiLmnY74l7GmlCUSu,FORMAZIONE_BENICULTURALI
fa51948c-8deb-49f2-93ac-b2441a35f01d,Nicholas Brown,ngonzalez@gmail.com,$2a$10$Gs.PmaGJQtm0ThQF3VkX2u/VVqW8rHz1KpSFRiLmnY74l7GmlCUSu,ECONOMICHE_STATISTICHE
28d0c877-304c-4af4-a8c8-a3929537a619,Karen Jones,wattscollin@gmail.com,$2a$10$Gs.PmaGJQtm0ThQF3VkX2u/VVqW8rHz1KpSFRiLmnY74l7GmlCUSu,INGEGNERIA_INDUSTRIALE
d4543170-81e2-46c0-a60e-849a42037f13,Jesse Nelson,keithberry@gmail.com,$2a$10$Gs.PmaGJQtm0ThQF3VkX2u/VVqW8rHz1KpSFRiLmnY74l7GmlCUSu,INFORMATICA
b58d10a2-0f88-4086-8285-81b381bf515e,Tiffany Jones,calvinwarner@gmail.com,$2a$10$Gs.PmaGJQtm0ThQF3VkX2u/VVqW8rHz1KpSFRiLmnY74l7GmlCUSu,AGRICOLA
3bb70787-1773-4dc5-b1a2-4cb9779d78bb,John Fisher,mackenzie19@gmail.com,$2a$10$Gs.PmaGJQtm0ThQF3VkX2u/VVqW8rHz1KpSFRiLmnY74l7GmlCUSu,INFORMATICA
a7ee2bd6-9e57-4fff-9e4e-86fa4618fdbe,Darrell Brown,yfuller@gmail.com,$2a$10$Gs.PmaGJQtm0ThQF3VkX2u/VVqW8rHz1KpSFRiLmnY74l7GmlCUSu,CHIMICHE
4d9f48a7-530f-46e6-8a37-0ec3d5404cb2,Brian Wagner,bartonrobin@gmail.com,$2a$10$Gs.PmaGJQtm0ThQF3VkX2u/VVqW8rHz1KpSFRiLmnY74l7GmlCUSu,FARMACIA
43ed0875-af28-46ac-aebd-12260f3c9b04,Justin Ray,daltonmartin@gmail.com,$2a$10$Gs.PmaGJQtm0ThQF3VkX2u/VVqW8rHz1KpSFRiLmnY74l7GmlCUSu,AGRICOLA
b65ed609-45d3-4b99-9031-94648f883631,Amanda Molina,robert19@gmail.com,$2a$10$Gs.PmaGJQtm0ThQF3VkX2u/VVqW8rHz1KpSFRiLmnY74l7GmlCUSu,POLITICHE_SOCIALI
92328579-4606-430d-8d65-ccdb2ae2ceb1,Jennifer Dunlap,fparks@gmail.com,$2a$10$Gs.PmaGJQtm0ThQF3VkX2u/VVqW8rHz1KpSFRiLmnY74l7GmlCUSu,CHIMICHE
41d04c25-3207-491a-9fe3-887d88275ff3,Eric Tran,tarmstrong@gmail.com,$2a$10$Gs.PmaGJQtm0ThQF3VkX2u/VVqW8rHz1KpSFRiLmnY74l7GmlCUSu,FORMAZIONE_BENICULTURALI
17fd7db0-350b-40bd-8f2e-18453845a386,Mercedes Robles,derricksantos@gmail.com,$2a$10$Gs.PmaGJQtm0ThQF3VkX2u/VVqW8rHz1KpSFRiLmnY74l7GmlCUSu,GIURIDICHE
f19f78c6-313d-45ed-badc-1de3b480e505,Nicole Reid,riverasusan@gmail.com,$2a$10$Gs.PmaGJQtm0ThQF3VkX2u/VVqW8rHz1KpSFRiLmnY74l7GmlCUSu,MEDICINA_CHIRURGIA_ODONTOIATRIA
8d8c13e3-0e9a-4831-87dd-8cdf1b99e684,Andrea Brown,barrrachel@gmail.com,$2a$10$Gs.PmaGJQtm0ThQF3VkX2u/VVqW8rHz1KpSFRiLmnY74l7GmlCUSu,INFORMATICA
08e4ed86-20be-4024-b35b-0aaf60c09740,Jerome Ramirez,joycesimpson@gmail.com,$2a$10$Gs.PmaGJQtm0ThQF3VkX2u/VVqW8rHz1KpSFRiLmnY74l7GmlCUSu,MEDICINA_CHIRURGIA_ODONTOIATRIA
da0bbd19-64e4-4e53-837a-633cc5badc78,Michael Phillips,millerspencer@gmail.com,$2a$10$Gs.PmaGJQtm0ThQF3VkX2u/VVqW8rHz1KpSFRiLmnY74l7GmlCUSu,MEDICINA_CHIRURGIA_ODONTOIATRIA
a15659a7-8eea-4cfe-b29b-bce7b69ccbbc,Jessica Lopez,suzanne69@gmail.com,$2a$10$Gs.PmaGJQtm0ThQF3VkX2u/VVqW8rHz1KpSFRiLmnY74l7GmlCUSu,INGEGNERIA_INDUSTRIALE
5f86233f-3231-4e65-9a95-d689b9e611fe,Amanda Powell,fmanning@gmail.com,$2a$10$Gs.PmaGJQtm0ThQF3VkX2u/VVqW8rHz1KpSFRiLmnY74l7GmlCUSu,ARCHITETTURA
5874ea7d-834c-4ead-814e-174fe3161fd0,Timothy Hoffman,thomas17@gmail.com,$2a$10$Gs.PmaGJQtm0ThQF3VkX2u/VVqW8rHz1KpSFRiLmnY74l7GmlCUSu,GIURIDICHE
58827da1-59cf-429e-9cdd-736e9b2af23e,Kelly Jones DVM,sandrarosales@gmail.com,$2a$10$Gs.PmaGJQtm0ThQF3VkX2u/VVqW8rHz1KpSFRiLmnY74l7GmlCUSu,FARMACIA
db4698e9-0cbc-40f2-891b-c6bd079cfce5,Jerry Goodwin,ubates@gmail.com,$2a$10$Gs.PmaGJQtm0ThQF3VkX2u/VVqW8rHz1KpSFRiLmnY74l7GmlCUSu,ECONOMICHE_STATISTICHE
5ee68379-891b-436a-a508-f7fe24f85848,Reginald Kennedy,garciabrenda@gmail.com,$2a$10$Gs.PmaGJQtm0ThQF3VkX2u/VVqW8rHz1KpSFRiLmnY74l7GmlCUSu,MATEMATICA_FISICA
08a2519c-d462-4107-bca5-29141c48e46d,Dr. Jose Williams,phammond@gmail.com,$2a$10$Gs.PmaGJQtm0ThQF3VkX2u/VVqW8rHz1KpSFRiLmnY74l7GmlCUSu,FISICA
271eed42-0758-4285-8dff-35d498f1a3d3,Randall Patterson,ihicks@gmail.com,$2a$10$Gs.PmaGJQtm0ThQF3VkX2u/VVqW8rHz1KpSFRiLmnY74l7GmlCUSu,INGEGNERIA_ELETTRICA
7f334646-96c2-4ddc-abf1-b8ddccb1f22a,Diamond Turner,lance81@gmail.com,$2a$10$Gs.PmaGJQtm0ThQF3VkX2u/VVqW8rHz1KpSFRiLmnY74l7GmlCUSu,LINGUAGGIO_BENICULTURALI
d9110353-3b2d-4391-a989-a485baa9c4b2,Pamela Smith,jeremy67@gmail.com,$2a$10$Gs.PmaGJQtm0ThQF3VkX2u/VVqW8rHz1KpSFRiLmnY74l7GmlCUSu,ECONOMICHE_STATISTICHE
f2835e00-7aff-49dd-8ab9-88884b37e120,Christopher Fields,tlee@gmail.com,$2a$10$Gs.PmaGJQtm0ThQF3VkX2u/VVqW8rHz1KpSFRiLmnY74l7GmlCUSu,AGRICOLA
86b6b488-d2f8-4908-9f81-6236c13a7926,Dawn King,amy85@gmail.com,$2a$10$Gs.PmaGJQtm0ThQF3VkX2u/VVqW8rHz1KpSFRiLmnY74l7GmlCUSu,FISICA
db8ca509-1a6f-4d4e-81be-34a2c1f4b833,Robert Sutton,lindseythompson@gmail.com,$2a$10$Gs.PmaGJQtm0ThQF3VkX2u/VVqW8rHz1KpSFRiLmnY74l7GmlCUSu,INGEGNERIA_EDILE
c97130da-0fbb-44fe-9b00-5d06196cadf7,Thomas Duncan DVM,johnsonjulie@gmail.com,$2a$10$Gs.PmaGJQtm0ThQF3VkX2u/VVqW8rHz1KpSFRiLmnY74l7GmlCUSu,MOTORIE_UMANE_SOCIALI
ae734076-5e86-4b14-9d1a-c4c247f0e1f6,Michael Doyle,john40@gmail.com,$2a$10$Gs.PmaGJQtm0ThQF3VkX2u/VVqW8rHz1KpSFRiLmnY74l7GmlCUSu,MATEMATICA_FISICA
8ee88dc3-6344-40b6-8f34-2b7afb21a7df,Katherine Keller,fieldstraci@gmail.com,$2a$10$Gs.PmaGJQtm0ThQF3VkX2u/VVqW8rHz1KpSFRiLmnY74l7GmlCUSu,CHIMICHE
8ed379f9-1db7-4a43-b602-de7be9662cee,Joseph Jones,deborah57@gmail.com,$2a$10$Gs.PmaGJQtm0ThQF3VkX2u/VVqW8rHz1KpSFRiLmnY74l7GmlCUSu,GIURIDICHE
12c4c761-42a4-4dd0-be7e-aaf6816b87a7,Jennifer Perez,ritadavenport@gmail.com,$2a$10$Gs.PmaGJQtm0ThQF3VkX2u/VVqW8rHz1KpSFRiLmnY74l7GmlCUSu,FARMACIA
f05d3cf4-92e5-4f64-80d3-2234fd131cf3,Monica Sanchez,michael69@gmail.com,$2a$10$Gs.PmaGJQtm0ThQF3VkX2u/VVqW8rHz1KpSFRiLmnY74l7GmlCUSu,INFORMATICA
8ce6e769-b779-42b4-b79f-5e77988cea48,Betty Gates,vazquezregina@gmail.com,$2a$10$Gs.PmaGJQtm0ThQF3VkX2u/VVqW8rHz1KpSFRiLmnY74l7GmlCUSu,AGRICOLA
06ce1323-797f-42ca-9cd4-0442a367819b,Tanya Jones,ebrown@gmail.com,$2a$10$Gs.PmaGJQtm0ThQF3VkX2u/VVqW8rHz1KpSFRiLmnY74l7GmlCUSu,AGRICOLA
24c7811a-a97d-4a72-8ffe-931671519983,Brenda Aguirre,andrew29@gmail.com,$2a$10$Gs.PmaGJQtm0ThQF3VkX2u/VVqW8rHz1KpSFRiLmnY74l7GmlCUSu,GIURIDICHE
2214b0f6-bb85-4a8e-a34c-468c34eb2c1a,Kimberly Gonzalez,hpreston@gmail.com,$2a$10$Gs.PmaGJQtm0ThQF3VkX2u/VVqW8rHz1KpSFRiLmnY74l7GmlCUSu,SCUOLA_MEDICINA
079a5c9f-8172-4073-b4e5-d5d5a53c5a76,Paul Baker,michael16@gmail.com,$2a$10$Gs.PmaGJQtm0ThQF3VkX2u/VVqW8rHz1KpSFRiLmnY74l7GmlCUSu,GIURIDICHE
f59ddee0-8dfb-4da3-a988-3075ebfd4302,Devon Gonzalez,mnunez@gmail.com,$2a$10$Gs.PmaGJQtm0ThQF3VkX2u/VVqW8rHz1KpSFRiLmnY74l7GmlCUSu,BIOMEDICHE
ebcff114-44ce-41be-ad14-ade081698411,Terry Johnson,chadmullins@gmail.com,$2a$10$Gs.PmaGJQtm0ThQF3VkX2u/VVqW8rHz1KpSFRiLmnY74l7GmlCUSu,INGEGNERIA_EDILE
0c1f8955-0acd-4b98-af30-583292e0305f,Benjamin Howard,browncalvin@gmail.com,$2a$10$Gs.PmaGJQtm0ThQF3VkX2u/VVqW8rHz1KpSFRiLmnY74l7GmlCUSu,LINGUAGGIO_BENICULTURALI
7600334e-d430-4feb-999b-544079dbc7a5,Robert Davis,davidmartin@gmail.com,$2a$10$Gs.PmaGJQtm0ThQF3VkX2u/VVqW8rHz1KpSFRiLmnY74l7GmlCUSu,BIOMEDICHE
4806d23c-aed4-42bc-8883-1e0741b87584,Paul Simpson,ybrady@gmail.com,$2a$10$Gs.PmaGJQtm0ThQF3VkX2u/VVqW8rHz1KpSFRiLmnY74l7GmlCUSu,FISICA
d6aee883-7788-4dd9-a449-d1bf9a9832a0,Mrs. Lisa Patrick,sandra40@gmail.com,$2a$10$Gs.PmaGJQtm0ThQF3VkX2u/VVqW8rHz1KpSFRiLmnY74l7GmlCUSu,INFORMATICA
6979b880-e87f-4d4f-a369-779904528bcf,Rachel Clark,victoria26@gmail.com,$2a$10$Gs.PmaGJQtm0ThQF3VkX2u/VVqW8rHz1KpSFRiLmnY74l7GmlCUSu,ECONOMICHE_STATISTICHE
6e18a6de-e10b-43ec-bcfe-b6c656ddc688,Jessica Nguyen,michele36@gmail.com,$2a$10$Gs.PmaGJQtm0ThQF3VkX2u/VVqW8rHz1KpSFRiLmnY74l7GmlCUSu,SCUOLA_MEDICINA
7e08ee7b-9453-4e63-9823-540743cad806,Kelly Palmer,vwilliams@gmail.com,$2a$10$Gs.PmaGJQtm0ThQF3VkX2u/VVqW8rHz1KpSFRiLmnY74l7GmlCUSu,FORMAZIONE_BENICULTURALI
f66990c5-a6cc-4096-b243-f651390d4c06,Ryan Garcia,davisarthur@gmail.com,$2a$10$Gs.PmaGJQtm0ThQF3VkX2u/VVqW8rHz1KpSFRiLmnY74l7GmlCUSu,INFORMATICA
25a2c682-2887-4922-855a-1c2918f49a78,Bradley Foster,bennettjames@gmail.com,$2a$10$Gs.PmaGJQtm0ThQF3VkX2u/VVqW8rHz1KpSFRiLmnY74l7GmlCUSu,INGEGNERIA_INDUSTRIALE
db732a65-7d1d-4c10-88bd-26313348507d,Sherry Hunt,karensmith@gmail.com,$2a$10$Gs.PmaGJQtm0ThQF3VkX2u/VVqW8rHz1KpSFRiLmnY74l7GmlCUSu,SCUOLA_MEDICINA
9aba321c-5d91-4c18-bcac-a489235dd1ce,Emily Ramirez,eddie89@gmail.com,$2a$10$Gs.PmaGJQtm0ThQF3VkX2u/VVqW8rHz1KpSFRiLmnY74l7GmlCUSu,AGRICOLA
e5fa8739-567e-413b-8c57-45516b6aad51,Cheryl Koch,hhanson@gmail.com,$2a$10$Gs.PmaGJQtm0ThQF3VkX2u/VVqW8rHz1KpSFRiLmnY74l7GmlCUSu,FARMACIA
5f397149-fa70-4419-b381-683afa0c1578,Brenda Fisher,brangel@gmail.com,$2a$10$Gs.PmaGJQtm0ThQF3VkX2u/VVqW8rHz1KpSFRiLmnY74l7GmlCUSu,SCUOLA_MEDICINA
f74c5a4d-4da6-43b8-9466-dc6a27627616,John Clark,davislisa@gmail.com,$2a$10$Gs.PmaGJQtm0ThQF3VkX2u/VVqW8rHz1KpSFRiLmnY74l7GmlCUSu,INGEGNERIA_ELETTRICA
b3924148-7c66-4972-a357-69cf4be23266,Dana Pena,mitchell74@gmail.com,$2a$10$Gs.PmaGJQtm0ThQF3VkX2u/VVqW8rHz1KpSFRiLmnY74l7GmlCUSu,CHIMICHE
eff2f9f0-a5cb-44af-bc03-4da8441a7707,Justin Hancock,jamie70@gmail.com,$2a$10$Gs.PmaGJQtm0ThQF3VkX2u/VVqW8rHz1KpSFRiLmnY74l7GmlCUSu,AGRICOLA
9a67ec3f-82d7-4915-ba3f-c36ddb902f5e,Daniel Hall,kimkara@gmail.com,$2a$10$Gs.PmaGJQtm0ThQF3VkX2u/VVqW8rHz1KpSFRiLmnY74l7GmlCUSu,SCUOLA_MEDICINA
4314ba45-f0a8-4bd0-8151-00d7e81e00bc,Erica Douglas,shelly40@gmail.com,$2a$10$Gs.PmaGJQtm0ThQF3VkX2u/VVqW8rHz1KpSFRiLmnY74l7GmlCUSu,MEDICINA_CHIRURGIA_ODONTOIATRIA
4e5d4e9e-1b56-4f48-9bdb-9fd1aa38e4fe,Aaron Baker,richardsonchristopher@gmail.com,$2a$10$Gs.PmaGJQtm0ThQF3VkX2u/VVqW8rHz1KpSFRiLmnY74l7GmlCUSu,ECONOMICHE_STATISTICHE
a730bcb2-eb9c-4b7a-9a38-075a3421831c,Cathy Smith,benjaminhawkins@gmail.com,$2a$10$Gs.PmaGJQtm0ThQF3VkX2u/VVqW8rHz1KpSFRiLmnY74l7GmlCUSu,FORMAZIONE_BENICULTURALI
06bc796d-1f7e-439e-b728-147f0ae904f2,James Lee,usmith@gmail.com,$2a$10$Gs.PmaGJQtm0ThQF3VkX2u/VVqW8rHz1KpSFRiLmnY74l7GmlCUSu,INGEGNERIA_ELETTRICA
9a788ae7-f5ae-44b0-bb9d-299840741b35,Kari Taylor,rcurtis@gmail.com,$2a$10$Gs.PmaGJQtm0ThQF3VkX2u/VVqW8rHz1KpSFRiLmnY74l7GmlCUSu,INGEGNERIA_ELETTRICA
31a6041f-ffe5-4409-b5db-3364e631ced3,David Ford,jeff39@gmail.com,$2a$10$Gs.PmaGJQtm0ThQF3VkX2u/VVqW8rHz1KpSFRiLmnY74l7GmlCUSu,INGEGNERIA_EDILE
2891bf17-31ff-445b-8f97-6fb3439b81bb,Mary Collins,christopherrodriguez@gmail.com,$2a$10$Gs.PmaGJQtm0ThQF3VkX2u/VVqW8rHz1KpSFRiLmnY74l7GmlCUSu,GIURIDICHE
1bb7b3f0-abe5-4981-aa92-8263cade3e0b,Donald Rogers,beckymacdonald@gmail.com,$2a$10$Gs.PmaGJQtm0ThQF3VkX2u/VVqW8rHz1KpSFRiLmnY74l7GmlCUSu,ARCHITETTURA
752f00f2-4ecc-4c86-b834-52a0c9f24fa7,James Brown,reeselisa@gmail.com,$2a$10$Gs.PmaGJQtm0ThQF3VkX2u/VVqW8rHz1KpSFRiLmnY74l7GmlCUSu,LINGUAGGIO_BENICULTURALI
a891bc33-8cae-4e57-a034-66ee80a86d39,Sara Nelson,mhines@gmail.com,$2a$10$Gs.PmaGJQtm0ThQF3VkX2u/VVqW8rHz1KpSFRiLmnY74l7GmlCUSu,AGRICOLA
c223418c-535e-49ae-9c73-7b2c3aa1db76,Autumn Webb,greenthomas@gmail.com,$2a$10$Gs.PmaGJQtm0ThQF3VkX2u/VVqW8rHz1KpSFRiLmnY74l7GmlCUSu,INFORMATICA
a27ab918-50c8-4406-8489-e29e441d4b11,Gina Weaver,sullivankimberly@gmail.com,$2a$10$Gs.PmaGJQtm0ThQF3VkX2u/VVqW8rHz1KpSFRiLmnY74l7GmlCUSu,BIOMEDICHE
81337a5c-c4ea-4bf4-b04a-a1b8ab9b35ae,Brandy Yang,halealexander@gmail.com,$2a$10$Gs.PmaGJQtm0ThQF3VkX2u/VVqW8rHz1KpSFRiLmnY74l7GmlCUSu,SCUOLA_MEDICINA
6e04afb4-5736-43f3-8797-66a517243664,Terry Bird,lstevens@gmail.com,$2a$10$Gs.PmaGJQtm0ThQF3VkX2u/VVqW8rHz1KpSFRiLmnY74l7GmlCUSu,MATEMATICA_FISICA
b7605003-7388-44ec-827d-cc00ebc10c86,Monica Kline,sara77@gmail.com,$2a$10$Gs.PmaGJQtm0ThQF3VkX2u/VVqW8rHz1KpSFRiLmnY74l7GmlCUSu,CHIMICHE
807403ae-a21f-426b-bd6e-3834fa2f9686,Renee Roberts,ashley52@gmail.com,$2a$10$Gs.PmaGJQtm0ThQF3VkX2u/VVqW8rHz1KpSFRiLmnY74l7GmlCUSu,BIOMEDICHE
81094414-8366-4f73-b1be-2838140d06a3,Richard Young,qweiss@gmail.com,$2a$10$Gs.PmaGJQtm0ThQF3VkX2u/VVqW8rHz1KpSFRiLmnY74l7GmlCUSu,FISICA
0ecda8bb-04bd-4c7b-8772-8697d9a49f6b,Edward Moore,brettlewis@gmail.com,$2a$10$Gs.PmaGJQtm0ThQF3VkX2u/VVqW8rHz1KpSFRiLmnY74l7GmlCUSu,GIURIDICHE
240a5d69-6eda-46b3-8690-c41393ab45f5,Mr. Nicholas Bennett,oalvarado@gmail.com,$2a$10$Gs.PmaGJQtm0ThQF3VkX2u/VVqW8rHz1KpSFRiLmnY74l7GmlCUSu,FORMAZIONE_BENICULTURALI
aa2a0fed-a74b-465c-8f2b-4762fe8eadfc,Ryan Smith,gbrown@gmail.com,$2a$10$Gs.PmaGJQtm0ThQF3VkX2u/VVqW8rHz1KpSFRiLmnY74l7GmlCUSu,AGRICOLA
a89d3431-ed61-46f3-a410-be73ac658bc9,Thomas Hunt,osimmons@gmail.com,$2a$10$Gs.PmaGJQtm0ThQF3VkX2u/VVqW8rHz1KpSFRiLmnY74l7GmlCUSu,BIOMEDICHE
c3f4b43a-ca82-4254-8e28-c380a5a07168,Randy Wu,thomas73@gmail.com,$2a$10$Gs.PmaGJQtm0ThQF3VkX2u/VVqW8rHz1KpSFRiLmnY74l7GmlCUSu,FORMAZIONE_BENICULTURALI
b257105a-7073-4162-b91b-4746fe818b11,Scott Taylor,meganmacdonald@gmail.com,$2a$10$Gs.PmaGJQtm0ThQF3VkX2u/VVqW8rHz1KpSFRiLmnY74l7GmlCUSu,GIURIDICHE
8512c164-e018-44a3-803f-764c097a1424,Charles Cobb,raymond96@gmail.com,$2a$10$Gs.PmaGJQtm0ThQF3VkX2u/VVqW8rHz1KpSFRiLmnY74l7GmlCUSu,MEDICINA_CHIRURGIA_ODONTOIATRIA
4d25c796-09cb-41f8-a6ea-3d5a903adb8b,Emily White,etaylor@gmail.com,$2a$10$Gs.PmaGJQtm0ThQF3VkX2u/VVqW8rHz1KpSFRiLmnY74l7GmlCUSu,INGEGNERIA_ELETTRICA
89bd434f-d400-4b26-bfca-cca4d43d8bd9,Nicole Jones,mark87@gmail.com,$2a$10$Gs.PmaGJQtm0ThQF3VkX2u/VVqW8rHz1KpSFRiLmnY74l7GmlCUSu,FARMACIA
933ef451-1353-4d50-b82f-88a7fd5fc312,Brandy Sampson,mcguirevictoria@gmail.com,$2a$10$Gs.PmaGJQtm0ThQF3VkX2u/VVqW8rHz1KpSFRiLmnY74l7GmlCUSu,CHIMICHE
a784982e-3639-4dca-b3d2-e0c6b5e21c5c,Charles Meza,catherine46@gmail.com,$2a$10$Gs.PmaGJQtm0ThQF3VkX2u/VVqW8rHz1KpSFRiLmnY74l7GmlCUSu,FORMAZIONE_BENICULTURALI
482cb667-1214-43ea-b7b6-fdfe26e51460,Richard Hopkins,sandra56@gmail.com,$2a$10$Gs.PmaGJQtm0ThQF3VkX2u/VVqW8rHz1KpSFRiLmnY74l7GmlCUSu,MATEMATICA_FISICA
9b31b078-cb1e-47b2-9257-cd98538cf34a,Nicole Rodriguez,spencermariah@gmail.com,$2a$10$Gs.PmaGJQtm0ThQF3VkX2u/VVqW8rHz1KpSFRiLmnY74l7GmlCUSu,INGEGNERIA_EDILE
8f109fdc-a132-48ef-95ef-26134f804d0a,Michelle Perry,stephen96@gmail.com,$2a$10$Gs.PmaGJQtm0ThQF3VkX2u/VVqW8rHz1KpSFRiLmnY74l7GmlCUSu,INFORMATICA
fa60b09c-c75a-47c7-93ac-351625ee24ef,Heather Gonzales,mitchellshawna@gmail.com,$2a$10$Gs.PmaGJQtm0ThQF3VkX2u/VVqW8rHz1KpSFRiLmnY74l7GmlCUSu,INGEGNERIA_ELETTRICA
38ca2e56-27eb-4a85-af07-179fca58b905,Patrick Smith,gary43@gmail.com,$2a$10$Gs.PmaGJQtm0ThQF3VkX2u/VVqW8rHz1KpSFRiLmnY74l7GmlCUSu,INGEGNERIA_ELETTRICA
07056e8c-d7d7-4e44-b3bf-00d11a4edc7d,Kimberly Burnett,martinezjoseph@gmail.com,$2a$10$Gs.PmaGJQtm0ThQF3VkX2u/VVqW8rHz1KpSFRiLmnY74l7GmlCUSu,INGEGNERIA_EDILE
069cbfef-442e-43b4-975e-c3774adccdff,Micheal Calderon,ymitchell@gmail.com,$2a$10$Gs.PmaGJQtm0ThQF3VkX2u/VVqW8rHz1KpSFRiLmnY74l7GmlCUSu,FORMAZIONE_BENICULTURALI
5b193e83-53aa-4237-92dd-51ee762c2a8d,Destiny Newton,williamssarah@gmail.com,$2a$10$Gs.PmaGJQtm0ThQF3VkX2u/VVqW8rHz1KpSFRiLmnY74l7GmlCUSu,MEDICINA_CHIRURGIA_ODONTOIATRIA
34ae74d5-73ae-4d74-a4d1-0dce9a845713,Henry Allen,brandon45@gmail.com,$2a$10$Gs.PmaGJQtm0ThQF3VkX2u/VVqW8rHz1KpSFRiLmnY74l7GmlCUSu,ARCHITETTURA
a5174ae1-25b9-4982-aa02-8a009e08a07f,Micheal Rodriguez,uhill@gmail.com,$2a$10$Gs.PmaGJQtm0ThQF3VkX2u/VVqW8rHz1KpSFRiLmnY74l7GmlCUSu,GIURIDICHE
055b2e96-2304-404f-9984-ff31f0e940e6,Zachary Armstrong,mallen@gmail.com,$2a$10$Gs.PmaGJQtm0ThQF3VkX2u/VVqW8rHz1KpSFRiLmnY74l7GmlCUSu,INFORMATICA
a8ede468-a7bf-464f-a1e4-ab610ea79064,Christopher Hernandez,sanderson@gmail.com,$2a$10$Gs.PmaGJQtm0ThQF3VkX2u/VVqW8rHz1KpSFRiLmnY74l7GmlCUSu,SCUOLA_MEDICINA
2d87ba9c-db31-4ae1-99fa-9429aa546647,Katherine Nguyen,brianhansen@gmail.com,$2a$10$Gs.PmaGJQtm0ThQF3VkX2u/VVqW8rHz1KpSFRiLmnY74l7GmlCUSu,MOTORIE_UMANE_SOCIALI
d2d299f6-2b30-43b9-9257-8a3894342fc8,Ivan Stewart,lindayates@gmail.com,$2a$10$Gs.PmaGJQtm0ThQF3VkX2u/VVqW8rHz1KpSFRiLmnY74l7GmlCUSu,LINGUAGGIO_BENICULTURALI
b5e5faf8-497e-43c8-9780-6977a4b33a8b,Kimberly Anderson,parkerscott@gmail.com,$2a$10$Gs.PmaGJQtm0ThQF3VkX2u/VVqW8rHz1KpSFRiLmnY74l7GmlCUSu,BIOMEDICHE
c11e7bc7-6b35-4015-b8a1-fe76fe856659,William Simpson,mfoster@gmail.com,$2a$10$Gs.PmaGJQtm0ThQF3VkX2u/VVqW8rHz1KpSFRiLmnY74l7GmlCUSu,GIURIDICHE
c8c44fb3-14f6-4092-92ef-b2c41592cd0d,Peter Howe,dominic80@gmail.com,$2a$10$Gs.PmaGJQtm0ThQF3VkX2u/VVqW8rHz1KpSFRiLmnY74l7GmlCUSu,ARCHITETTURA
2ccf0c9f-8246-47ca-b910-1a0486f298c0,Jenny Lopez,michaelhoffman@gmail.com,$2a$10$Gs.PmaGJQtm0ThQF3VkX2u/VVqW8rHz1KpSFRiLmnY74l7GmlCUSu,INGEGNERIA_ELETTRICA
2a97e36f-2bf5-4fb3-a507-0e0b117581c9,Stephanie Williams,hsherman@gmail.com,$2a$10$Gs.PmaGJQtm0ThQF3VkX2u/VVqW8rHz1KpSFRiLmnY74l7GmlCUSu,INGEGNERIA_INDUSTRIALE
06a34004-7e66-4088-95f7-b465a10b980f,Peter Diaz,jasmine97@gmail.com,$2a$10$Gs.PmaGJQtm0ThQF3VkX2u/VVqW8rHz1KpSFRiLmnY74l7GmlCUSu,POLITICHE_SOCIALI
5021899f-d72c-4a4d-ad85-f01ccd5045c7,Dr. Tracy Collins DVM,trevor14@gmail.com,$2a$10$Gs.PmaGJQtm0ThQF3VkX2u/VVqW8rHz1KpSFRiLmnY74l7GmlCUSu,ECONOMICHE_STATISTICHE
a3177e7c-4204-4e9f-ac1f-5336ef729e25,Micheal Johnson,derekchang@gmail.com,$2a$10$Gs.PmaGJQtm0ThQF3VkX2u/VVqW8rHz1KpSFRiLmnY74l7GmlCUSu,FISICA
1dfa4198-b68a-4924-bf48-f25e0b5baed8,Erica Collier,andrew54@gmail.com,$2a$10$Gs.PmaGJQtm0ThQF3VkX2u/VVqW8rHz1KpSFRiLmnY74l7GmlCUSu,FORMAZIONE_BENICULTURALI
2c05fb06-7ed9-426c-b3ef-02ce9319653b,Rebecca Johnson,washingtonjoseph@gmail.com,$2a$10$Gs.PmaGJQtm0ThQF3VkX2u/VVqW8rHz1KpSFRiLmnY74l7GmlCUSu,MOTORIE_UMANE_SOCIALI
af0a0ad2-2951-434b-aa34-3dec48bde4f7,Jacob Patterson,griffinmiranda@gmail.com,$2a$10$Gs.PmaGJQtm0ThQF3VkX2u/VVqW8rHz1KpSFRiLmnY74l7GmlCUSu,INGEGNERIA_INDUSTRIALE
f19ad9fa-16bd-457e-9fbe-1c59e14b800c,Michael King,robin74@gmail.com,$2a$10$Gs.PmaGJQtm0ThQF3VkX2u/VVqW8rHz1KpSFRiLmnY74l7GmlCUSu,ECONOMICHE_STATISTICHE
e2c7e0d3-b34f-4d88-9180-890ccd5cfbc8,James Giles,bchen@gmail.com,$2a$10$Gs.PmaGJQtm0ThQF3VkX2u/VVqW8rHz1KpSFRiLmnY74l7GmlCUSu,SCUOLA_MEDICINA
83d96227-19a4-4768-beab-9aadd23b798f,Douglas Smith,timothy78@gmail.com,$2a$10$Gs.PmaGJQtm0ThQF3VkX2u/VVqW8rHz1KpSFRiLmnY74l7GmlCUSu,BIOMEDICHE
88cb206d-d50d-4d67-9afa-8cda6debda3d,Wendy Johnson,kayla52@gmail.com,$2a$10$Gs.PmaGJQtm0ThQF3VkX2u/VVqW8rHz1KpSFRiLmnY74l7GmlCUSu,MOTORIE_UMANE_SOCIALI
20cca656-2761-4276-b569-4289e6a9d018,Dennis Avery,tamarakramer@gmail.com,$2a$10$Gs.PmaGJQtm0ThQF3VkX2u/VVqW8rHz1KpSFRiLmnY74l7GmlCUSu,AGRICOLA
e08c3195-b5db-4d55-a38a-b0e253ba83f6,Steven Tran,odiaz@gmail.com,$2a$10$Gs.PmaGJQtm0ThQF3VkX2u/VVqW8rHz1KpSFRiLmnY74l7GmlCUSu,POLITICHE_SOCIALI
d383eac5-0f53-4022-8e79-495c2ae2a9c3,Ashley Davis,tnelson@gmail.com,$2a$10$Gs.PmaGJQtm0ThQF3VkX2u/VVqW8rHz1KpSFRiLmnY74l7GmlCUSu,GIURIDICHE
c1a97c4e-bbf1-4ec7-97f7-3902c11e985a,Anthony Tate,mary18@gmail.com,$2a$10$Gs.PmaGJQtm0ThQF3VkX2u/VVqW8rHz1KpSFRiLmnY74l7GmlCUSu,MATEMATICA_FISICA
4587787b-6548-421c-9b7e-f383185e9027,Danny Ashley,xjohnson@gmail.com,$2a$10$Gs.PmaGJQtm0ThQF3VkX2u/VVqW8rHz1KpSFRiLmnY74l7GmlCUSu,FISICA
7d5bdab7-3c97-4dba-b25c-5b037e5c276a,Michael Ross,lindseykelly@gmail.com,$2a$10$Gs.PmaGJQtm0ThQF3VkX2u/VVqW8rHz1KpSFRiLmnY74l7GmlCUSu,INFORMATICA
1a6bf37e-5a5b-4e47-81fe-242df9577d6c,Kristina Acevedo,elong@gmail.com,$2a$10$Gs.PmaGJQtm0ThQF3VkX2u/VVqW8rHz1KpSFRiLmnY74l7GmlCUSu,FISICA
e6a1dc4b-4cf6-4e41-b3e6-ff921ff9552b,Ann Crawford,williamrollins@gmail.com,$2a$10$Gs.PmaGJQtm0ThQF3VkX2u/VVqW8rHz1KpSFRiLmnY74l7GmlCUSu,FARMACIA
943d8701-e62f-40fc-9df3-ea6a2db79213,Johnathan Holmes,courtney19@gmail.com,$2a$10$Gs.PmaGJQtm0ThQF3VkX2u/VVqW8rHz1KpSFRiLmnY74l7GmlCUSu,ARCHITETTURA
c7bdfa07-f801-4ab8-9fda-f200cc45135d,Gregory Taylor,bjimenez@gmail.com,$2a$10$Gs.PmaGJQtm0ThQF3VkX2u/VVqW8rHz1KpSFRiLmnY74l7GmlCUSu,ARCHITETTURA
83eae046-eede-4600-b88c-3bf9a60ccf68,Matthew Costa,owensrichard@gmail.com,$2a$10$Gs.PmaGJQtm0ThQF3VkX2u/VVqW8rHz1KpSFRiLmnY74l7GmlCUSu,CHIMICHE
b58e3215-e4c9-4fa0-a669-40b62ef792c3,Megan Sandoval,ubrooks@gmail.com,$2a$10$Gs.PmaGJQtm0ThQF3VkX2u/VVqW8rHz1KpSFRiLmnY74l7GmlCUSu,SCUOLA_MEDICINA
8395a58a-5f22-4628-8c8b-a76be3e56298,Stephanie Anderson,iwilliams@gmail.com,$2a$10$Gs.PmaGJQtm0ThQF3VkX2u/VVqW8rHz1KpSFRiLmnY74l7GmlCUSu,INFORMATICA
a3b2730c-790e-4263-9768-1427eebfa589,Tina Carr,burnsbryan@gmail.com,$2a$10$Gs.PmaGJQtm0ThQF3VkX2u/VVqW8rHz1KpSFRiLmnY74l7GmlCUSu,LINGUAGGIO_BENICULTURALI
29798c4f-60c0-4fdd-87a6-0ee4f651f7d3,Tiffany Webb,dhuff@gmail.com,$2a$10$Gs.PmaGJQtm0ThQF3VkX2u/VVqW8rHz1KpSFRiLmnY74l7GmlCUSu,FISICA
6a8e9f9f-f2aa-43da-b6b9-958d992373a6,Leonard Patel,dudleyamy@gmail.com,$2a$10$Gs.PmaGJQtm0ThQF3VkX2u/VVqW8rHz1KpSFRiLmnY74l7GmlCUSu,INGEGNERIA_INDUSTRIALE
5f0a8908-51fd-40a5-ac8a-c3041e7daa43,Brett Wilson,edwardschristopher@gmail.com,$2a$10$Gs.PmaGJQtm0ThQF3VkX2u/VVqW8rHz1KpSFRiLmnY74l7GmlCUSu,INGEGNERIA_EDILE
e8ca2e48-0598-4431-9cac-d7b00cf5138b,Patrick Davis,tammysmith@gmail.com,$2a$10$Gs.PmaGJQtm0ThQF3VkX2u/VVqW8rHz1KpSFRiLmnY74l7GmlCUSu,BIOMEDICHE
59196420-4cb8-4add-90fb-9a778762cfb3,Joyce Diaz,karenbarrett@gmail.com,$2a$10$Gs.PmaGJQtm0ThQF3VkX2u/VVqW8rHz1KpSFRiLmnY74l7GmlCUSu,BIOMEDICHE
478fbb08-33d6-4c23-9bed-1101fe140be6,Megan Young,ugill@gmail.com,$2a$10$Gs.PmaGJQtm0ThQF3VkX2u/VVqW8rHz1KpSFRiLmnY74l7GmlCUSu,BIOMEDICHE
04c3c2b4-1701-4b36-9c00-9ab3832082dd,Jeremy Frazier,akramer@gmail.com,$2a$10$Gs.PmaGJQtm0ThQF3VkX2u/VVqW8rHz1KpSFRiLmnY74l7GmlCUSu,INGEGNERIA_INDUSTRIALE
814e3921-d1e9-4590-8418-e41b0cde92ae,Angela Hamilton,efischer@gmail.com,$2a$10$Gs.PmaGJQtm0ThQF3VkX2u/VVqW8rHz1KpSFRiLmnY74l7GmlCUSu,FISICA
37dc07f2-0ac0-416f-a6ce-7fcd1c72c955,Hector Sanders,russoolivia@gmail.com,$2a$10$Gs.PmaGJQtm0ThQF3VkX2u/VVqW8rHz1KpSFRiLmnY74l7GmlCUSu,POLITICHE_SOCIALI
216b302f-6beb-413f-9ef1-405504d55a06,Diane Austin,matthewprice@gmail.com,$2a$10$Gs.PmaGJQtm0ThQF3VkX2u/VVqW8rHz1KpSFRiLmnY74l7GmlCUSu,LINGUAGGIO_BENICULTURALI
1ab4b12b-a298-43dd-b187-c9d369baf4af,Bruce Flores,johnnykelley@gmail.com,$2a$10$Gs.PmaGJQtm0ThQF3VkX2u/VVqW8rHz1KpSFRiLmnY74l7GmlCUSu,INGEGNERIA_ELETTRICA
2b319d59-f014-4faf-a24f-1d281a1d6d54,Erica Bell,morrisvalerie@gmail.com,$2a$10$Gs.PmaGJQtm0ThQF3VkX2u/VVqW8rHz1KpSFRiLmnY74l7GmlCUSu,POLITICHE_SOCIALI
fd8a7b6a-0e76-447e-83c4-c49ae9218d41,Nicole Thornton,smithkimberly@gmail.com,$2a$10$Gs.PmaGJQtm0ThQF3VkX2u/VVqW8rHz1KpSFRiLmnY74l7GmlCUSu,GIURIDICHE
53604549-7d7a-4efa-8b92-7e1cd383d5eb,Debra Leon,xferguson@gmail.com,$2a$10$Gs.PmaGJQtm0ThQF3VkX2u/VVqW8rHz1KpSFRiLmnY74l7GmlCUSu,BIOMEDICHE
d07594b7-8c71-4469-b228-09fd3dbac5e7,Brandon Dominguez,anne50@gmail.com,$2a$10$Gs.PmaGJQtm0ThQF3VkX2u/VVqW8rHz1KpSFRiLmnY74l7GmlCUSu,FISICA
b15f6e29-7025-4575-a05e-a5fcc9ea67a9,Hailey Wilson,paul42@gmail.com,$2a$10$Gs.PmaGJQtm0ThQF3VkX2u/VVqW8rHz1KpSFRiLmnY74l7GmlCUSu,MEDICINA_CHIRURGIA_ODONTOIATRIA
85c5e0fd-3051-4368-afdd-25d7ca7597d2,Ruth Vazquez,davidsims@gmail.com,$2a$10$Gs.PmaGJQtm0ThQF3VkX2u/VVqW8rHz1KpSFRiLmnY74l7GmlCUSu,INGEGNERIA_ELETTRICA
db06339b-db9c-4d9f-afaf-1729a9454c88,Bradley Richardson,mejiachristina@gmail.com,$2a$10$Gs.PmaGJQtm0ThQF3VkX2u/VVqW8rHz1KpSFRiLmnY74l7GmlCUSu,LINGUAGGIO_BENICULTURALI
b1b77448-6d59-40c9-b57c-4609636c4dc7,Rebecca Chen,wrightheather@gmail.com,$2a$10$Gs.PmaGJQtm0ThQF3VkX2u/VVqW8rHz1KpSFRiLmnY74l7GmlCUSu,INFORMATICA
82aecc8b-9cdf-4c8c-90c8-171f6ac9721c,Ryan Pollard,davishoward@gmail.com,$2a$10$Gs.PmaGJQtm0ThQF3VkX2u/VVqW8rHz1KpSFRiLmnY74l7GmlCUSu,MOTORIE_UMANE_SOCIALI
8ea033a5-5900-4928-8b60-51bf8a01e879,Matthew West,markpowers@gmail.com,$2a$10$Gs.PmaGJQtm0ThQF3VkX2u/VVqW8rHz1KpSFRiLmnY74l7GmlCUSu,FARMACIA
3eec5ac9-5675-4eff-8619-548311b721f7,Jonathan Meyer,havila@gmail.com,$2a$10$Gs.PmaGJQtm0ThQF3VkX2u/VVqW8rHz1KpSFRiLmnY74l7GmlCUSu,INGEGNERIA_EDILE
29a7da16-1f2c-4599-a006-c197693c133b,Erica Peterson,steven79@gmail.com,$2a$10$Gs.PmaGJQtm0ThQF3VkX2u/VVqW8rHz1KpSFRiLmnY74l7GmlCUSu,AGRICOLA
ca136725-cf65-4044-85d8-8db65ccf6c1e,Kristin Young,kenneth13@gmail.com,$2a$10$Gs.PmaGJQtm0ThQF3VkX2u/VVqW8rHz1KpSFRiLmnY74l7GmlCUSu,BIOMEDICHE
6da639b1-bf33-442b-b797-2ed96f4e64f5,Angela Romero,kmarquez@gmail.com,$2a$10$Gs.PmaGJQtm0ThQF3VkX2u/VVqW8rHz1KpSFRiLmnY74l7GmlCUSu,MEDICINA_CHIRURGIA_ODONTOIATRIA
